LID,Site,Code,Commune,LD,Transect,Dynamique,Position,Annee,SMMini,LAT,LON,total_edge_length_100,edge_density_100,Shannon_landscape_diversity_100,grass_and_shub_cover_100,deciduous_forest_cover_100,coniferous_forest_cover_100,mineral_cover_100,ice_and_snow_cover_100,water_cover_100,total_edge_length_250,edge_density_250,Shannon_landscape_diversity_250,grass_and_shub_cover_250,deciduous_forest_cover_250,coniferous_forest_cover_250,mineral_cover_250,ice_and_snow_cover_250,water_cover_250,total_edge_length_500,edge_density_500,Shannon_landscape_diversity_500,grass_and_shub_cover_500,deciduous_forest_cover_500,coniferous_forest_cover_500,mineral_cover_500,ice_and_snow_cover_500,water_cover_500
1,A,A1,Mijanes,Estagnet,375,rouge,estive,2022,5765,42.6886,1.9722,0,0,0,100,0,0,0,0,0,0,0,0,100,0,0,0,0,0,4740,60.4207,0.1972,95.9592,0,1.963,2.0778,0,0
2,A,A2,Mijanes,Estagnet,375,rouge,lisiere,2022,7108,42.6899,1.9765,150,47.3186,0.0938,98.1073,0,1.8927,0,0,0,2600,132.5854,0.4431,88.5263,0,7.5472,0.408,0,3.5186,11970,152.5813,0.5587,84.0408,0,11.3576,3.6201,0,0.9815
3,A,A3,Mijanes,Estagnet,374,bleu,estive,2022,7142,42.6957,1.975,350,110.4101,0.2559,93.6909,0,0.6309,5.6782,0,0,2050,104.5385,0.3495,90.617,0,8.0571,1.3259,0,0,10190,129.8917,0.5047,84.3212,0,13.652,0.3952,0,1.6316
4,A,A4,Mijanes,Estagnet,374,bleu,lisiere,2022,7175,42.6936,1.9756,250,78.8644,0.3911,86.7508,0,13.2492,0,0,0,2310,117.797,0.3326,90.617,0,8.822,0.5609,0,0,10630,135.5003,0.5124,83.3525,0,15.0797,0.5609,0,1.007
5,B,B1,Mijanes,Trabesses,373,rouge,estive,2022,5810,42.7347,2.0095,0,0,0,100,0,0,0,0,0,210,10.7088,0.032,99.4901,0,0.5099,0,0,0,5570,71.0006,0.5508,83.6201,5.5449,10.8349,0,0,0
6,B,B2,Mijanes,Trabesses,373,rouge,lisiere,2022,6988,42.7313,2.0098,440,138.8013,0.6234,68.4543,31.5457,0,0,0,0,2110,107.5982,0.727,60.1734,38.6028,1.2239,0,0,0,6650,84.7674,0.6192,73.4353,25.6342,0.9305,0,0,0
7,B,B3,Mijanes,Trabesses,530,bleu,estive,2022,5744,42.7302,1.9938,30,9.4637,0,100,0,0,0,0,0,740,37.7358,0.0941,98.3172,0,1.3259,0.357,0,0,5170,65.9018,0.3457,91.536,2.4729,5.9018,0.0892,0,0
8,B,B4,Mijanes,Trabesses,530,bleu,lisiere,2022,7137,42.7294,1.9975,380,119.8738,0.5157,78.8644,21.1356,0,0,0,0,2060,105.0484,0.4601,87.6084,5.6604,6.7313,0,0,0,8510,108.4767,0.6787,76.0484,18.84,5.0351,0.0765,0,0
9,C,C1,Ascou,Pailheres,372,rouge,estive,2022,6988,42.7214,1.9727,0,0,0,100,0,0,0,0,0,150,7.6492,0.0569,98.9801,0,1.0199,0,0,0,2760,35.1816,0.1983,95.3983,0.0637,4.334,0.204,0,0
10,C,C2,Ascou,Pailheres,372,rouge,lisiere,2022,7137,42.7235,1.97,0,0,0,100,0,0,0,0,0,2390,121.8766,0.6314,79.5003,3.7736,16.1142,0.6119,0,0,8000,101.9758,0.5361,84.3722,3.7986,11.4723,0.3569,0,0
11,C,C3,Ascou,Pailheres,529,bleu,estive,2022,5744,42.7195,1.9541,0,0,0,100,0,0,0,0,0,0,0,0,100,0,0,0,0,0,8740,111.4085,0.7741,72.9764,13.1804,13.7922,0.051,0,0
12,C,C4,Ascou,Pailheres,529,bleu,lisiere,2022,5810,42.722,1.9523,590,186.1199,0.8659,60.8833,7.8864,31.2303,0,0,0,2880,146.8638,0.886,61.1933,9.6889,29.1178,0,0,0,10930,139.3244,1.0085,47.1383,14.3658,38.3939,0.0637,0,0.0382
13,D,D1,Antras,Isard,235,rouge,estive,2022,7134,42.8616,0.877,0,0,0,100,0,0,0,0,0,770,39.2657,0.2907,91.6369,8.3121,0.051,0,0,0,3530,44.9968,0.5182,82.8043,15.3219,1.8738,0,0,0
14,D,D2,Antras,Isard,235,rouge,lisiere,2022,7113,42.8604,0.8784,330,104.1009,0.6209,68.7697,31.2303,0,0,0,0,1260,64.2529,0.6543,64.5079,35.4411,0.051,0,0,0,6360,81.0707,0.6999,75.5258,17.7948,6.6794,0,0,0
15,D,D3,Antras,Isard,702,bleu,estive,2023,6989,42.8611,0.8882,0,0,0,100,0,0,0,0,0,1310,66.8027,0.3932,88.1693,11.0148,0.8159,0,0,0,4860,61.9503,0.6009,77.8075,20,2.1925,0,0,0
16,D,D4,Antras,Isard,702,bleu,lisiere,2023,6965,42.8597,0.8873,500,157.7287,0.6282,67.8233,32.1767,0,0,0,0,2190,111.6777,0.6205,73.4319,25.5992,0.9689,0,0,0,7800,99.4264,0.7462,67.9796,28.0943,3.9261,0,0,0
17,E,E1,Ustou,Cirque de Gerac,454,rouge,estive,2023,6965,42.7517,1.3046,30,9.4637,0.0213,99.6845,0,0,0.3155,0,0,640,32.6364,0.1729,96.4304,2.9067,0.051,0.6119,0,0,4270,54.4296,0.4639,86.0293,12.1989,1.5679,0.204,0,0
18,E,E2,Ustou,Cirque de Gerac,454,rouge,lisiere,2023,7208,42.7531,1.3044,400,126.183,0.6394,66.2461,33.7539,0,0,0,0,1810,92.2998,0.5518,79.4493,19.6328,0.5099,0.408,0,0,6740,85.9146,0.6585,74.0472,23.5946,2.1542,0.204,0,0
19,E,E3,Couflens,Saubé,564,bleu,estive,2022,6989,42.7361,1.2177,0,0,0,100,0,0,0,0,0,1050,53.5441,0.3458,89.0362,10.9638,0,0,0,0,6110,77.884,0.4971,85.6469,10.4908,3.8241,0.0382,0,0
20,E,E4,Couflens,Saubé,564,bleu,lisiere,2022,7208,42.7377,1.2156,780,246.0568,0.5937,71.9243,28.0757,0,0,0,0,2820,143.8042,0.702,69.3014,28.2509,2.4477,0,0,0,9230,117.6546,0.8499,67.9159,16.1249,15.9592,0,0,0
21,F,F1,Merens,Comte,509,rouge,estive,2022,6988,42.6466,1.802,0,0,0,100,0,0,0,0,0,430,21.9276,0.2506,93.1158,6.8842,0,0,0,0,4970,63.3525,0.6281,77.833,18.5214,3.6456,0,0,0
22,F,F2,Merens,Comte,509,rouge,lisiere,2023,8851,42.6463,1.8046,330,104.1009,0.6282,67.8233,32.1767,0,0,0,0,2040,104.0286,0.6834,70.6272,27.18,2.1928,0,0,0,7790,99.2989,0.9919,55.7298,25.4685,18.7508,0.051,0,0
23,F,F3,Merens,Comte,349,bleu,estive,2022,5744,42.6496,1.8065,0,0,0,100,0,0,0,0,0,980,49.9745,0.1524,96.8893,0.5099,2.6007,0,0,0,7080,90.2486,0.6404,80.1785,11.6252,8.0306,0.1657,0,0
24,F,F4,Merens,Comte,349,bleu,lisiere,2022,5810,42.6483,1.808,450,141.9558,0.4772,82.6498,17.0347,0.3155,0,0,0,1980,100.9689,0.7486,68.1285,27.9959,3.7736,0.102,0,0,10280,131.0389,0.8607,64.9203,24.9331,10.1211,0.0255,0,0
25,G,G1,Orgeix,Coume,517,rouge,estive,2022,7108,42.6618,1.8866,0,0,0,100,0,0,0,0,0,1510,77.0015,0.3327,92.3508,2.4987,4.7425,0.408,0,0,10200,130.0191,0.8871,65.392,20.0765,14.4168,0.1147,0,0
26,G,G2,Orgeix,Coume,517,rouge,lisiere,2022,5765,42.6618,1.8837,750,236.5931,0.652,78.2334,5.9937,15.7729,0,0,0,3040,155.0229,0.9396,53.5441,35.9001,10.5558,0,0,0,10060,128.2345,0.8946,64.2065,22.6641,13.0019,0.1275,0,0
27,G,G3,Orgeix,Coume,369,bleu,estive,2022,7142,42.656,1.8727,0,0,0,100,0,0,0,0,0,150,7.6492,0.0124,99.847,0,0.102,0.051,0,0,5720,72.9127,0.4937,84.0408,14.6208,0.854,0.4844,0,0
28,G,G4,Orgeix,Coume,369,bleu,lisiere,2022,7175,42.656,1.8761,400,126.183,0.6023,29.0221,70.9779,0,0,0,0,2470,125.9561,0.8198,30.3417,63.59,6.0683,0,0,0,8680,110.6437,0.894,48.9994,45.3027,4.9331,0.7648,0,0
29,H,H1,Goulier,Val de Sos,473,rouge,estive,2022,6936,42.7339,1.5156,0,0,0,100,0,0,0,0,0,440,22.4375,0.3532,88.6792,0,11.3208,0,0,0,7260,92.543,0.6781,76.5201,5.9656,17.5143,0,0,0
30,H,H2,Goulier,Val de Sos,473,rouge,lisiere,2022,7140,42.7369,1.5126,740,233.4385,0.5585,83.2808,5.6782,11.041,0,0,0,2980,151.9633,0.8952,57.9296,8.72,33.3503,0,0,0,11860,151.1791,1.0129,54.7482,17.8713,26.9853,0.3952,0,0
31,H,H3,Goulier,Val de Sos,474,bleu,estive,2022,6965,42.7446,1.5186,40,12.6183,0.0213,99.6845,0,0.3155,0,0,0,490,24.9873,0.0569,98.9801,0,1.0199,0,0,0,6770,86.297,0.5672,83.0593,11.3193,5.5322,0.0892,0,0
32,H,H4,Goulier,Val de Sos,474,bleu,lisiere,2022,4559,42.7446,1.5147,750,236.5931,0.9822,17.3502,55.836,26.8139,0,0,0,3420,174.4008,0.9904,32.5344,53.1362,14.1254,0.204,0,0,7980,101.7208,0.8376,30.1211,63.3015,6.4117,0.1657,0,0
33,I,I1,Sentein,Eylie,244,rouge,estive,2022,7112,42.8221,0.9472,0,0,0,100,0,0,0,0,0,80,4.0796,0.0114,99.847,0,0.153,0,0,0,4290,54.6845,0.4875,84.9586,13.1166,1.7208,0.204,0,0
34,I,I2,Sentein,Eylie,244,rouge,lisiere,2022,7138,42.8254,0.9439,410,129.3375,0.8111,49.5268,47.3186,3.1546,0,0,0,2150,109.6379,0.7536,34.2172,63.1311,2.6517,0,0,0,6820,86.9344,0.8062,38.2282,58.037,3.7349,0,0,0
35,I,I3,Sentein,Eylie,245,bleu,estive,2022,6989,42.8246,0.9554,170,53.6278,0.0535,99.0536,0,0.9464,0,0,0,3320,169.3014,1.0492,59.9694,14.5334,21.3157,4.1815,0,0,11900,151.689,1.0976,53.1039,25.239,18.891,2.7661,0,0
36,I,I4,Sentein,Eylie,245,bleu,lisiere,2022,7208,42.8277,0.9528,630,198.7382,1.0263,51.735,22.7129,25.5521,0,0,0,3080,157.0627,1.1354,40.4386,36.206,21.6216,1.7338,0,0,13130,167.3678,1.1522,39.4136,38.5086,19.2607,2.8171,0,0
37,J,J1,Bethmale,Eychelle,256,rouge,estive,2022,7113,42.8504,1.0825,0,0,0,100,0,0,0,0,0,0,0,0,100,0,0,0,0,0,3740,47.6737,0.5476,76.9662,0.1275,22.9063,0,0,0
38,J,J2,Bethmale,Eychelle,256,rouge,lisiere,2022,7140,42.8512,1.0834,340,107.2555,0.6913,52.9968,0,47.0032,0,0,0,810,41.3055,0.665,61.8052,0,38.1948,0,0,0,4760,60.6756,0.698,50.3378,0.0637,49.5985,0,0,0
39,J,J3,Bethmale,Eychelle,415,bleu,estive,2022,4564,42.8509,1.0725,80,25.2366,0.0677,98.7382,0,1.2618,0,0,0,2180,111.1678,0.4646,85.8746,1.9888,12.1367,0,0,0,8590,109.4965,0.777,67.5972,26.9344,5.4685,0,0,0
40,J,J4,Bethmale,Eychelle,415,bleu,lisiere,2022,6936,42.8519,1.0693,700,220.8202,0.7889,71.6088,16.7192,11.6719,0,0,0,3160,161.1423,0.8872,59.4085,31.8205,8.771,0,0,0,7240,92.2881,0.8449,50.6055,44.8438,4.5507,0,0,0
41,K,K1,Seix,Col de Pause,413,rouge,estive,2022,7134,42.7884,1.1235,0,0,0,100,0,0,0,0,0,1400,71.3921,0.266,94.0337,2.3457,3.6206,0,0,0,6820,86.9344,0.5684,82.9573,10.8222,6.2205,0,0,0
42,K,K2,Seix,Col de Pause,413,rouge,lisiere,2022,6965,42.7901,1.1222,350,110.4101,0.3131,90.5363,9.4637,0,0,0,0,2270,115.7573,0.4512,87.4044,9.281,3.3146,0,0,0,6230,79.4136,0.3969,89.6495,7.1256,3.225,0,0,0
43,K,K3,Seix,Col de Pause,424,bleu,estive,2022,4610,42.7905,1.1293,0,0,0,100,0,0,0,0,0,870,44.3651,0.2141,95.5125,2.0398,2.4477,0,0,0,5030,64.1173,0.4882,86.4372,8.1326,5.4302,0,0,0
44,K,K4,Seix,Col de Pause,424,bleu,lisiere,2022,4559,42.791,1.1303,730,230.2839,0.8398,68.4543,17.6656,13.8801,0,0,0,3070,156.5528,0.8473,68.0775,15.3493,16.5732,0,0,0,9780,124.6654,0.8792,62.5366,27.4187,10.0446,0,0,0
45,L,L1,Ustou,Guzet-Neige,573,rouge,estive,2022,7175,42.7723,1.3013,30,9.4637,0.0213,99.6845,0.3155,0,0,0,0,1750,89.2402,0.5782,81.2851,14.7884,3.9266,0,0,0,6720,85.6597,0.8233,53.7157,42.4219,3.8623,0,0,0
46,L,L2,Ustou,Guzet-Neige,573,rouge,lisiere,2022,7108,42.7722,1.2988,360,113.5647,0.503,79.8107,20.1893,0,0,0,0,1770,90.2601,0.8035,59.3575,36.767,3.8756,0,0,0,7280,92.798,0.8002,47.3805,49.8534,2.7661,0,0,0
47,L,L3,Ustou,Guzet-Neige,574,bleu,estive,2022,5810,42.774,1.2976,0,0,0,100,0,0,0,0,0,1400,71.3921,0.3168,90.515,9.434,0.051,0,0,0,5180,66.0293,0.4713,82.6896,17.1192,0.1912,0,0,0
48,L,L4,Ustou,Guzet-Neige,574,bleu,lisiere,2022,7142,42.7743,1.2963,510,160.8833,0.6831,64.3533,35.0158,0.6309,0,0,0,2120,108.1081,0.6553,67.4146,32.1265,0.4589,0,0,0,6590,84.0025,0.6742,62.8808,36.877,0.2422,0,0,0
49,M,M1,Bonac,Orle,402,rouge,estive,2022,7134,42.8289,0.9973,410,129.3375,0.2912,91.4826,8.5174,0,0,0,0,2610,133.0954,0.6421,66.8536,33.0444,0.102,0,0,0,8420,107.3295,0.6981,54.7865,45.0733,0.1402,0,0,0
50,M,M2,Bonac,Orle,402,rouge,lisiere,2022,4559,42.8279,0.9947,500,157.7287,0.6925,48.265,51.735,0,0,0,0,2810,143.2942,0.6998,51.7593,48.1387,0.102,0,0,0,8890,113.3206,0.6962,45.7744,54.1364,0.0892,0,0,0
51,M,M3,Bonac,Orle,401,bleu,estive,2022,4610,42.8232,1.0032,0,0,0,100,0,0,0,0,0,1790,91.28,0.3415,91.229,6.9862,1.7848,0,0,0,8330,106.1823,0.8641,48.7317,45.9273,5.341,0,0,0
52,M,M4,Bonac,Orle,401,bleu,lisiere,2022,6965,42.8222,1.0007,670,211.3565,0.6165,75.3943,23.0284,1.5773,0,0,0,2930,149.4136,0.7521,52.7282,45.9459,1.3259,0,0,0,6660,84.8948,0.7425,30.9624,66.0293,3.0083,0,0,0
53,N,N1,Montségur,Soularac,628,rouge,estive,2022,5760,42.8276,1.7938,240,75.7098,0.1611,96.2145,3.7855,0,0,0,0,2710,138.1948,0.7107,75.6757,16.0632,8.2611,0,0,0,8840,112.6832,0.8281,66.9344,24.3212,8.7062,0.0382,0,0
54,N,N2,Montségur,Soularac,628,rouge,lisiere,2022,7107,42.8311,1.8002,370,116.7192,0.343,5.9937,91.4826,2.5237,0,0,0,4920,250.8924,0.9533,21.7746,59.6124,18.613,0,0,0,10400,132.5685,0.9462,42.8936,47.2148,9.8917,0,0,0
55,N,N3,Montségur,Soularac,626,bleu,estive,2022,6992,42.8234,1.7806,300,94.6372,0.4197,85.1735,0,14.8265,0,0,0,2410,122.8965,0.6752,71.5961,2.2438,26.1601,0,0,0,12370,157.6801,0.938,58.738,13.4098,27.8521,0,0,0
56,N,N4,Montségur,Soularac,626,bleu,lisiere,2022,5802,42.826,1.7818,300,94.6372,0.6856,56.1514,43.8486,0,0,0,0,1440,73.4319,0.7562,49.9235,48.6996,1.3768,0,0,0,6340,80.8158,0.9278,36.0994,54.0982,9.8024,0,0,0
57,O,O1,Orlu,RNCFS,522,rouge,estive,2022,6936,42.6511,1.9568,220,69.4006,0.306,90.8517,0,9.1483,0,0,0,1800,91.7899,0.4469,88.1183,0,5.8134,0,0,6.0683,11010,140.3442,0.7003,79.7451,0,11.7527,3.8751,0,4.6272
58,O,O2,Orlu,RNCFS,522,rouge,lisiere,2022,7142,42.6502,1.9585,870,274.4479,0.6745,59.6215,0,40.3785,0,0,0,4790,244.2631,0.7862,62.2642,0.051,34.1662,0.051,0,3.4676,14210,181.1345,0.8779,69.0886,2.9446,22.2435,0.6628,0,5.0605
59,O,O3,Orlu,RNCFS,682,bleu,estive,2023,8863,42.6522,1.9729,650,205.0473,0.3821,90.8517,6.3091,1.2618,1.5773,0,0,4230,215.7063,0.9922,61.7032,25.9052,6.6293,5.7624,0,0,11150,142.1287,0.8178,70.2741,22.7279,4.2192,2.7788,0,0
60,O,O4,Orlu,RNCFS,682,bleu,lisiere,2023,9834,42.6511,1.9708,440,138.8013,0.6664,38.4858,61.5142,0,0,0,0,3220,164.2019,0.8437,50.2295,46.0479,3.0087,0.7139,0,0,10940,139.4519,0.8348,67.0236,26.7049,4.1173,2.1542,0,0
61,P,P1,Bestiac,Trimouns,641,rouge,estive,2022,7140,42.7914,1.7874,60,18.9274,0.0382,99.3691,0,0,0.6309,0,0,1720,87.7104,0.3188,92.7078,4.3855,2.6517,0.255,0,0,10540,134.3531,0.7375,73.9452,19.5284,6.0421,0.4844,0,0
62,P,P2,Bestiac,Trimouns,641,rouge,lisiere,2022,7113,42.7903,1.7886,600,189.2744,0.5632,80.4416,17.3502,2.2082,0,0,0,4120,210.0969,0.9674,53.8501,33.7073,12.2896,0.153,0,0,11830,150.7967,0.8455,63.4289,29.4965,6.8706,0.204,0,0
63,P,P3,Bestiac,Trimouns,638,bleu,estive,2022,6988,42.7913,1.8079,520,164.0379,0.5239,78.2334,0,21.7666,0,0,0,4840,246.8129,0.664,75.0637,3.5696,21.3666,0,0,0,16880,215.1689,0.7902,71.587,8.515,19.4901,0.4079,0,0
64,P,P4,Bestiac,Trimouns,638,bleu,lisiere,2022,7108,42.7906,1.8049,1080,340.694,0.8289,68.7697,19.2429,11.9874,0,0,0,4390,223.8654,0.7326,75.1657,12.5446,12.2896,0,0,0,15410,196.4308,0.7656,73.2696,12.7725,13.9579,0,0,0
65,Q,Q1,Couflens,Pouill,265,rouge,estive,2023,8828,42.7471,1.1622,0,0,0,100,0,0,0,0,0,850,43.3452,0.3116,92.5038,5.3034,0,2.1928,0,0,5360,68.3238,0.8996,55.2709,36.9535,0,7.6737,0.102,0
66,Q,Q2,Couflens,Pouill,265,rouge,lisiere,2023,9828,42.7455,1.163,250,78.8644,0.6801,41.9558,58.0442,0,0,0,0,680,34.6762,0.6929,48.9546,51.0454,0,0,0,0,4950,63.0975,0.7395,40.7138,58.0625,0.1275,1.0962,0,0
67,Q,Q3,Couflens,Pouill,428,bleu,estive,2023,9240,42.7481,1.1652,130,41.0095,0.1401,96.8454,3.1546,0,0,0,0,520,26.5171,0.1074,97.7562,2.2438,0,0,0,0,3080,39.2607,0.4457,83.6329,16.3671,0,0,0,0
68,Q,Q4,Couflens,Pouill,428,bleu,lisiere,2023,8851,42.7462,1.168,480,151.4196,0.4359,84.2271,15.7729,0,0,0,0,1520,77.5115,0.6027,70.9332,29.0668,0,0,0,0,4780,60.9305,0.662,62.4092,37.5908,0,0,0,0
69,R,R1,Gestiès,Col du Sasc,298,rouge,estive,2023,8857,42.7464,1.6033,0,0,0,100,0,0,0,0,0,360,18.358,0.0996,97.9602,2.0398,0,0,0,0,3110,39.6431,0.4319,84.6654,15.2836,0,0.051,0,0
70,R,R2,Gestiès,Col du Sasc,298,rouge,lisiere,2023,7112,42.7428,1.6005,340,107.2555,0.6745,40.3785,59.6215,0,0,0,0,1160,59.1535,0.6895,54.258,45.742,0,0,0,0,4130,52.645,0.697,49.0376,50.9114,0,0.051,0,0
71,R,R3,Gestiès,Col du Sasc,300,bleu,estive,2023,6985,42.7489,1.5934,130,41.0095,0.1507,96.53,3.47,0,0,0,0,840,42.8353,0.1984,95.0025,4.9975,0,0,0,0,4850,61.8228,0.5432,76.673,23.327,0,0,0,0
72,R,R4,Gestiès,Col du Sasc,300,bleu,lisiere,2023,8854,42.7459,1.5931,260,82.0189,0.6863,44.164,55.836,0,0,0,0,1510,77.0015,0.6682,37.3279,62.5701,0.102,0,0,0,8040,102.4857,0.8321,41.6189,54.0982,4.283,0,0,0
73,S,S1,Lercoul,Col de Grail,591,rouge,estive,2023,8854,42.7441,1.5367,0,0,0,100,0,0,0,0,0,440,22.4375,0.0875,98.2662,1.7338,0,0,0,0,7300,93.0529,0.6134,69.7004,30.2996,0,0,0,0
74,S,S2,Lercoul,Col de Grail,591,rouge,lisiere,2023,8823,42.7464,1.5378,560,176.6562,0.6372,66.5615,33.4385,0,0,0,0,2460,125.4462,0.6892,54.462,45.538,0,0,0,0,8370,106.6922,0.8319,37.4761,57.6801,4.8438,0,0,0
75,S,S3,Lercoul,Col de Grail,590,bleu,estive,2023,6985,42.7463,1.534,0,0,0,100,0,0,0,0,0,320,16.3182,0.1368,96.9403,3.0597,0,0,0,0,5020,63.9898,0.6585,78.1007,15.4366,6.4627,0,0,0
76,S,S4,Lercoul,Col de Grail,590,bleu,lisiere,2023,8857,42.7493,1.5343,800,252.3659,0.9769,37.8549,49.5268,12.6183,0,0,0,2950,150.4335,0.966,47.6798,40.9485,11.3717,0,0,0,9960,126.9598,1.0526,46.8451,22.269,30.8859,0,0,0
77,T,T1,Gestiès,Le Clot,481,rouge,estive,2023,8857,42.7541,1.5852,200,63.0915,0.2987,91.1672,0,8.8328,0,0,0,1330,67.8225,0.6219,75.0637,1.6318,23.3044,0,0,0,9200,117.2721,0.9881,52.7087,15.1307,32.1606,0,0,0
78,T,T2,Gestiès,Le Clot,481,rouge,lisiere,2023,7112,42.7524,1.5799,970,305.9937,0.9619,54.2587,12.9338,32.8076,0,0,0,3870,197.3483,0.9748,27.333,16.4202,56.2468,0,0,0,8690,110.7712,0.86,20.5736,12.8617,66.5647,0,0,0
79,T,T3,Gestiès,Le Clot,480,bleu,estive,2023,6985,42.7535,1.5906,40,12.6183,0.0213,99.6845,0.3155,0,0,0,0,2170,110.6578,0.4861,81.438,18.46,0.102,0,0,0,8030,102.3582,0.6591,65.137,34.659,0.204,0,0,0
80,T,T4,Gestiès,Le Clot,480,bleu,lisiere,2023,8854,42.7508,1.5857,510,160.8833,0.6649,38.1703,61.8297,0,0,0,0,2710,138.1948,0.6878,44.8241,55.1759,0,0,0,0,8280,105.5449,0.6479,27.304,71.485,1.211,0,0,0
81,U,U1,Miglos,Pla de Montcamp,483,rouge,estive,2023,5744,42.7527,1.6174,0,0,0,100,0,0,0,0,0,700,35.6961,0.1705,95.9204,4.0796,0,0,0,0,3410,43.4672,0.3221,90.1338,9.8662,0,0,0,0
82,U,U2,Miglos,Pla de Montcamp,483,rouge,lisiere,2023,8823,42.7547,1.6154,380,119.8738,0.687,44.4795,55.5205,0,0,0,0,3710,189.1892,0.6926,51.6063,48.3937,0,0,0,0,8530,108.7317,0.6896,54.2256,45.7744,0,0,0,0
83,U,U3,Miglos,Pla de Montcamp,597,bleu,estive,2023,7140,42.7566,1.6214,0,0,0,100,0,0,0,0,0,1480,75.4717,0.2826,92.8608,0.8159,6.3233,0,0,0,4650,59.2734,0.5799,77.6163,1.2492,21.1345,0,0,0
84,U,U4,Miglos,Pla de Montcamp,597,bleu,lisiere,2023,7113,42.7575,1.6197,500,157.7287,0.8605,26.4984,9.4637,64.0379,0,0,0,2450,124.9363,0.751,36.716,2.1418,61.1423,0,0,0,5770,73.55,0.7687,44.334,1.8738,53.7922,0,0,0
85,V,V1,Ustou,Col d'Escots,572,rouge,estive,2023,8862,42.7695,1.3017,0,0,0,100,0,0,0,0,0,1040,53.0342,0.5208,78.4804,0,21.5196,0,0,0,3070,39.1332,0.656,68.7062,0.7266,30.5672,0,0,0
86,V,V2,Ustou,Col d'Escots,572,rouge,lisiere,2023,9834,42.7665,1.302,390,123.0284,0.6079,29.653,0,70.347,0,0,0,1380,70.3723,0.6946,39.9286,0.357,59.7144,0,0,0,3810,48.566,0.7655,48.515,1.6444,49.8407,0,0,0
87,V,V3,Ustou,Col d'Escots,571,bleu,estive,2023,5760,42.7572,1.3011,0,0,0,100,0,0,0,0,0,640,32.6364,0.1522,96.7874,2.9067,0.306,0,0,0,5910,75.3346,0.5791,81.0835,15.3601,3.5054,0.051,0,0
88,V,V4,Ustou,Col d'Escots,571,bleu,lisiere,2023,7107,42.7563,1.2978,490,154.5741,0.5275,80.7571,0.9464,18.2965,0,0,0,1970,100.4589,0.4326,87.7104,2.3457,9.9439,0,0,0,6220,79.2862,0.421,89.0631,5.4939,5.443,0,0,0
89,W,W1,Seix,Pic de Montbuou,425,rouge,estive,2023,8833,42.7824,1.1413,0,0,0,100,0,0,0,0,0,790,40.2856,0.1563,96.8383,0.306,2.7027,0.153,0,0,6880,87.6992,0.6003,81.7591,13.8942,3.1995,1.1472,0,0
90,W,W2,Seix,Pic de Montbuou,425,rouge,lisiere,2023,8863,42.7831,1.1439,1250,394.3218,1.0513,41.6404,38.8013,19.5584,0,0,0,3570,182.05,0.948,50.8414,38.6537,10.5048,0,0,0,6770,86.297,0.8915,50.631,43.327,5.6342,0.4079,0,0
91,W,W3,Seix,Pic de Montbuou,560,bleu,estive,2023,6992,42.7856,1.1327,60,18.9274,0.0535,99.0536,0,0.9464,0,0,0,340,17.3381,0.0683,98.7251,0,1.2749,0,0,0,4450,56.724,0.3233,92.1479,5.4685,2.3837,0,0,0
92,W,W4,Seix,Pic de Montbuou,560,bleu,lisiere,2023,5802,42.7862,1.1347,440,138.8013,0.4378,88.3281,7.2555,4.4164,0,0,0,1480,75.4717,0.3186,92.0959,6.1193,1.7848,0,0,0,6160,78.5214,0.6048,76.5328,21.8101,1.6571,0,0,0
93,X,X1,Montsegur,Frau,632,rouge,estive,2023,8860,42.8449,1.8442,0,0,0,100,0,0,0,0,0,1000,50.9944,0.3932,86.6395,13.3605,0,0,0,0,3970,50.6055,0.6353,73.499,25.0223,1.4786,0,0,0
94,X,X2,Montsegur,Frau,632,rouge,lisiere,2023,4564,42.8455,1.8482,300,94.6372,0.6618,62.4606,37.5394,0,0,0,0,1410,71.9021,0.6875,55.3289,44.6711,0,0,0,0,5510,70.2358,0.7263,62.4219,36.0357,1.5424,0,0,0
95,X,X3,Montsegur,Frau,335,bleu,estive,2023,7134,42.8323,1.8398,130,41.0095,0.1507,96.53,0,3.47,0,0,0,1420,72.412,0.2555,93.9317,0,5.0994,0.9689,0,0,10460,133.3333,0.6239,82.2052,8.4512,8.311,1.0325,0,0
96,X,X4,Montsegur,Frau,335,bleu,lisiere,2023,7137,42.8289,1.8405,980,309.1483,1.0036,52.6814,35.0158,11.041,1.2618,0,0,5410,275.8797,1.102,51.1474,29.3218,16.7262,2.8047,0,0,16430,209.4328,1.0891,48.3365,26.4755,24.2957,0.8923,0,0
97,Y,Y1,Bethmale,Ayet,552,rouge,estive,2023,4559,42.8916,1.0975,0,0,0,100,0,0,0,0,0,340,17.3381,0.0748,98.5722,1.4278,0,0,0,0,3770,48.0561,0.4501,84.181,15.5895,0.153,0.0765,0,0
98,Y,Y2,Bethmale,Ayet,552,rouge,lisiere,2023,6936,42.8931,1.0953,630,198.7382,0.6895,54.2587,45.7413,0,0,0,0,1950,99.4391,0.7048,39.4187,59.9694,0.6119,0,0,0,4070,51.8802,0.7008,46.246,53.601,0.153,0,0,0
99,Y,Y3,Bethmale,Ayet,257,bleu,estive,2023,6989,42.8891,1.0912,0,0,0,100,0,0,0,0,0,330,16.8281,0.1847,95.4615,4.5385,0,0,0,0,5060,64.4997,0.6359,66.9216,33.0656,0.0127,0,0,0
100,Y,Y4,Bethmale,Ayet,257,bleu,lisiere,2023,5810,42.8896,1.0898,240,75.7098,0.5683,74.4479,25.5521,0,0,0,0,1020,52.0143,0.5681,74.8088,25.1402,0.051,0,0,0,3650,46.5264,0.6443,65.6724,34.3149,0.0127,0,0,0
101,Z,Z1,Aston,Plateau de Beille,326,rouge,estive,2023,7113,42.6917,1.7318,100,31.5457,0.0382,99.3691,0.6309,0,0,0,0,2050,104.5385,0.7701,71.3921,20.3978,8.2101,0,0,0,6680,85.1498,1.0103,53.5883,25.341,21.0707,0,0,0
102,Z,Z2,Aston,Plateau de Beille,326,rouge,lisiere,2023,7140,42.6934,1.734,660,208.2019,0.9693,47.9495,40.3785,11.6719,0,0,0,3210,163.692,1.0311,51.1984,24.7833,24.0184,0,0,0,7730,98.5341,1.0579,47.0363,27.7119,25.2518,0,0,0
103,Z,Z3,Aston,Plateau de Beille,497,bleu,estive,2023,5744,42.6962,1.725,0,0,0,100,0,0,0,0,0,830,42.3253,0.1909,95.2575,0,4.7425,0,0,0,8430,107.457,0.6602,74.7355,3.1485,22.116,0,0,0
104,Z,Z4,Aston,Plateau de Beille,497,bleu,lisiere,2023,8823,42.6975,1.7259,500,157.7287,0.6649,61.8297,0,38.1703,0,0,0,2650,135.1351,0.852,63.0291,8.0061,28.9648,0,0,0,8720,111.1536,0.8538,67.4952,14.3786,18.1262,0,0,0
105,AA,AA1,Appy,Etang d'Appy,646,rouge,estive,2023,8854,42.8133,1.7441,0,0,0,100,0,0,0,0,0,2170,110.6578,0.35,88.8322,0,11.1678,0,0,0,10530,134.2256,0.6589,63.0083,0,36.9917,0,0,0
106,AA,AA2,Appy,Etang d'Appy,646,rouge,lisiere,2023,6985,42.8135,1.7414,470,148.265,0.4028,86.1199,0,13.8801,0,0,0,2780,141.7644,0.5038,79.7552,0,20.2448,0,0,0,10820,137.9222,0.641,66.0038,0,33.9962,0,0,0
107,AA,AA3,Appy,Etang d'Appy,313,bleu,estive,2023,7112,42.8094,1.7485,260,82.0189,0.276,92.1136,0,0,7.8864,0,0,2120,108.1081,0.4038,90.719,2.6007,1.8868,4.7935,0,0,6170,78.6488,0.6747,80.2677,13.5373,0.5226,2.0905,0,3.5819
108,AA,AA4,Appy,Etang d'Appy,313,bleu,lisiere,2023,8857,42.807,1.7484,400,126.183,0.6832,61.8297,37.8549,0,0.3155,0,0,2960,150.9434,0.7952,64.3549,31.9225,1.3768,2.3457,0,0,7220,92.0331,0.8474,65.6597,28.6297,0.5226,1.6061,0,3.5819
109,AB,AB1,Antras,Col de Nédé,387,rouge,estive,2023,5810,42.8778,0.9061,0,0,0,100,0,0,0,0,0,770,39.2657,0.2274,93.9827,6.0173,0,0,0,0,5190,66.1568,0.56,78.6871,20.4334,0.2549,0.6246,0,0
110,AB,AB2,Antras,Col de Nédé,387,rouge,lisiere,2023,4559,42.8792,0.9044,350,110.4101,0.693,49.2114,50.7886,0,0,0,0,1750,89.2402,0.6929,48.9036,51.0964,0,0,0,0,7380,94.0727,0.7152,60.1912,39.044,0.4589,0.3059,0,0
111,AB,AB3,Antras,Col de Nédé,388,bleu,estive,2023,7175,42.8792,0.9086,40,12.6183,0.0213,99.6845,0.3155,0,0,0,0,970,49.4646,0.4424,83.8348,16.1652,0,0,0,0,7370,93.9452,0.6654,65.4812,34.1364,0.3824,0,0,0
112,AB,AB4,Antras,Col de Nédé,388,bleu,lisiere,2023,6936,42.8794,0.9114,400,126.183,0.271,93.3754,5.6782,0.9464,0,0,0,1620,82.6109,0.5116,81.744,17.3381,0.9179,0,0,0,7250,92.4156,0.6813,65.8764,33.2823,0.8413,0,0,0
113,AC,AC1,Arrien-en-Bethmale,Pic du Midi de Bordes,419,rouge,estive,2023,6989,42.8551,1.0421,0,0,0,100,0,0,0,0,0,980,49.9745,0.4953,80.3672,19.6328,0,0,0,0,5320,67.8139,0.7341,43.0465,55.9465,1.007,0,0,0
114,AC,AC2,Arrien-en-Bethmale,Pic du Midi de Bordes,419,rouge,lisiere,2023,5810,42.8544,1.0399,340,107.2555,0.6931,49.8423,50.1577,0,0,0,0,1280,65.2728,0.6622,37.6339,62.3661,0,0,0,0,4180,53.2823,0.7059,27.2658,69.8917,2.8426,0,0,0
115,AC,AC3,Arrien-en-Bethmale,Pic du Midi de Bordes,416,bleu,estive,2023,7208,42.852,1.046,0,0,0,100,0,0,0,0,0,630,32.1265,0.1816,96.1754,0.408,3.2636,0.153,0,0,3690,47.0363,0.6322,77.7948,18.9165,3.0083,0.2804,0,0
116,AC,AC4,Arrien-en-Bethmale,Pic du Midi de Bordes,416,bleu,lisiere,2023,6965,42.8524,1.0488,520,164.0379,1.0406,49.8423,25.8675,24.2902,0,0,0,1920,97.9092,0.9001,50.9434,41.7134,7.3432,0,0,0,4750,60.5481,0.8285,52.6832,43.6074,3.5437,0.1657,0,0
117,AD,AD1,Valcebollère,Pla des Salines,47,rouge,estive,2023,8851,42.3698,2.0611,0,0,0,100,0,0,0,0,0,200,10.1989,0.0812,98.4192,1.5808,0,0,0,0,3830,48.8209,0.6323,73.9324,24.5252,1.5424,0,0,0
118,AD,AD2,Valcebollère,Pla des Salines,47,rouge,lisiere,2023,8828,42.3717,2.0585,340,107.2555,0.6415,65.9306,34.0694,0,0,0,0,1770,90.2601,0.5752,74.1458,25.8032,0.051,0,0,0,3810,48.566,0.7353,49.1778,49.9936,0.8286,0,0,0
119,AD,AD3,Valcebollère,Pla des Salines,46,bleu,estive,2023,7107,42.3582,2.0185,0,0,0,100,0,0,0,0,0,240,12.2387,0.0417,99.3371,0,0.6119,0.051,0,0,2700,34.4168,0.386,87.5844,0,12.1989,0.2167,0,0
120,AD,AD4,Valcebollère,Pla des Salines,46,bleu,lisiere,2023,5760,42.357,2.017,610,192.429,0.6745,59.6215,0,40.3785,0,0,0,1400,71.3921,0.6492,64.7119,0,35.2881,0,0,0,3770,48.0561,0.6806,59.8853,0,40.0127,0.102,0,0
121,AE,AE1,Les Angles,Puig del Pam,206,rouge,estive,2023,8833,42.598,2.0206,0,0,0,100,0,0,0,0,0,490,24.9873,0.1607,96.2264,0,3.7736,0,0,0,4580,58.3811,0.5936,72.0459,0,27.9414,0.0127,0,0
122,AE,AE2,Les Angles,Puig del Pam,206,rouge,lisiere,2023,7113,42.596,2.02,350,110.4101,0.6328,67.1924,0,32.8076,0,0,0,1120,57.1137,0.6788,58.4396,0,41.5604,0,0,0,3590,45.7616,0.6734,59.898,0,40.102,0,0,0
123,AE,AE3,Les Angles,Puig del Pam,205,bleu,estive,2023,9828,42.5991,2.0236,300,94.6372,0.1507,96.53,0,0,3.47,0,0,1790,91.28,0.2904,92.6058,0,6.5273,0.8669,0,0,13080,166.7304,0.7226,65.0733,0,32.9637,1.963,0,0
124,AE,AE4,Les Angles,Puig del Pam,205,bleu,lisiere,2023,7140,42.5973,2.0229,690,217.6656,0.691,53.3123,0,46.6877,0,0,0,4150,211.6267,0.7149,59.5105,0,39.6736,0.8159,0,0,12110,154.3658,0.7379,50.1976,0,48.9101,0.8923,0,0
125,AF,AF1,Les Angles,Roc d'Aude,200,rouge,estive,2023,7142,42.5753,2.037,500,157.7287,0.328,91.7981,0,1.8927,6.3091,0,0,3220,164.2019,0.5225,84.9057,0,9.7399,5.3544,0,0,11470,146.2078,0.6766,72.9254,0,24.1555,2.9191,0,0
126,AF,AF2,Les Angles,Roc d'Aude,200,rouge,lisiere,2023,7112,42.5759,2.0378,810,255.5205,0.5909,75.0789,0,24.2902,0.6309,0,0,4890,249.3626,0.7416,67.1596,0,29.4748,3.3656,0,0,12700,161.8866,0.7839,59.044,0,37.9605,2.9955,0,0
127,AF,AF3,Les Angles,Roc d'Aude,172,bleu,estive,2023,8857,42.5738,2.0401,310,97.7918,0.2378,94.3218,0,5.0473,0.6309,0,0,2640,134.6252,0.5867,80.9791,0,14.8394,4.1815,0,0,13240,168.7699,0.6665,70.9496,0,27.3805,1.6699,0,0
128,AF,AF4,Les Angles,Roc d'Aude,172,bleu,lisiere,2023,8862,42.5745,2.0408,500,157.7287,0.7118,58.3596,0,41.0095,0.6309,0,0,3200,163.182,0.6737,71.4941,0,26.3641,2.1418,0,0,13170,167.8776,0.6906,68.1836,0,30.1593,1.6571,0,0
129,AG,AG1,Bonac-Irazein,Col de l'Arech,396,rouge,estive,2023,5765,42.8274,0.971,910,287.0662,0.5309,83.5962,0,12.9338,3.47,0,0,3550,181.0301,0.5901,77.1035,0,21.5196,1.3768,0,0,13900,177.1829,0.7548,51.9822,0,46.6412,1.3767,0,0
130,AG,AG2,Bonac-Irazein,Col de l'Arech,396,rouge,lisiere,2023,4559,42.8276,0.9737,680,214.511,0.689,60.5678,0,39.1167,0.3155,0,0,3970,202.4477,0.7122,62.4681,0,36.41,1.1219,0,0,14330,182.6641,0.7454,49.5475,0,49.369,1.0835,0,0
131,AG,AG3,Bonac-Irazein,Col de l'Arech,246,bleu,estive,2023,6936,42.8315,0.9709,160,50.4732,0.106,97.7918,0,0,2.2082,0,0,920,46.9148,0.1447,97.4503,0.5099,0.7139,1.3259,0,0,8440,107.5844,0.5594,85.137,6.0548,7.406,1.4022,0,0
132,AG,AG4,Bonac-Irazein,Col de l'Arech,246,bleu,lisiere,2023,7175,42.8331,0.9726,560,176.6562,0.7532,73.817,15.142,11.041,0,0,0,3300,168.2815,0.9158,64.0999,15.2983,20.2448,0.357,0,0,13120,167.2403,0.9209,65.0351,18.6106,15.5513,0.8031,0,0
133,AH,AH1,Montferrier,Mont d'Olmes,321,rouge,estive,2023,8854,42.8362,1.7348,0,0,0,100,0,0,0,0,0,1100,56.0938,0.2553,95.2065,0.5099,1.6318,1.1729,0,1.4788,10530,134.2256,0.6582,81.3894,10.4908,6.5647,0.9178,0,0.6373
134,AH,AH2,Montferrier,Mont d'Olmes,321,rouge,lisiere,2023,6985,42.8382,1.7357,300,94.6372,0.5193,79.8107,19.8738,0.3155,0,0,0,3290,167.7715,0.7549,72.0551,20.4488,7.4962,0,0,0,13830,176.2906,0.9223,62.4857,28.2345,7.8011,0.8413,0,0.6373
135,AH,AH3,Montferrier,Mont d'Olmes,623,bleu,estive,2023,5744,42.8325,1.7485,0,0,0,100,0,0,0,0,0,1720,87.7104,0.3372,92.2998,3.1617,4.1305,0.408,0,0,8090,103.123,0.5252,82.0013,1.2874,16.5838,0.1275,0,0
136,AH,AH4,Montferrier,Mont d'Olmes,623,bleu,lisiere,2023,8823,42.8349,1.7489,470,148.265,0.5995,71.2934,0,28.7066,0,0,0,3230,164.7119,0.6099,75.1147,1.2239,23.6614,0,0,0,10460,133.3333,0.686,71.7145,2.4347,25.7361,0.1147,0,0
137,AI,AI1,Aulus-les-Bains,Turon de Rose,575,rouge,estive,2023,7175,42.7652,1.3144,200,63.0915,0.2837,91.7981,0,8.2019,0,0,0,1830,93.3197,0.659,67.2106,0.5099,32.2794,0,0,0,10140,129.2543,0.9324,56.5966,11.2173,32.1861,0,0,0
138,AI,AI2,Aulus-les-Bains,Turon de Rose,575,rouge,lisiere,2023,4559,42.7672,1.3156,280,88.3281,0.6649,61.8297,0,38.1703,0,0,0,2250,114.7374,0.797,57.8276,3.3146,38.8577,0,0,0,10170,129.6367,1.0109,49.9681,16.5711,33.4608,0,0,0
139,AI,AI3,Aulus-les-Bains,Turon de Rose,576,bleu,estive,2023,6936,42.7633,1.3217,40,12.6183,0.0213,99.6845,0,0,0.3155,0,0,1190,60.6833,0.2814,93.1668,0,5.6094,1.2239,0,0,8180,104.2702,0.633,76.3034,0,20.9305,2.7661,0,0
140,AI,AI4,Aulus-les-Bains,Turon de Rose,576,bleu,lisiere,2023,5765,42.7633,1.323,420,132.4921,0.5012,81.0726,0,18.612,0.3155,0,0,1400,71.3921,0.677,66.0887,0,33.1464,0.7649,0,0,8150,103.8878,0.7055,67.1765,0,30.9242,1.8993,0,0
141,AJ,AJ1,Formiguères,Serra dels Alarbs,38,rouge,estive,2023,5802,42.6017,2.0245,0,0,0,100,0,0,0,0,0,1120,57.1137,0.2004,95.3595,0,4.3345,0.051,0,0.255,8520,108.6042,0.3139,90.8987,0,8.9356,0.0255,0,0.1402
142,AJ,AJ2,Formiguères,Serra dels Alarbs,38,rouge,lisiere,2023,6988,42.6024,2.023,640,201.8927,0.5944,75.7098,0,23.3438,0,0,0.9464,2590,132.0755,0.3667,89.2402,0,10.1479,0.051,0,0.5609,9050,115.3601,0.3107,91.0006,0,8.8464,0.0127,0,0.1402
143,AJ,AJ3,Formiguères,Serra dels Alarbs,44,bleu,estive,2023,7108,42.6028,2.0029,0,0,0,100,0,0,0,0,0,2080,106.0683,0.3912,90.1071,5.2014,4.6915,0,0,0,10160,129.5092,0.7097,78.8273,8.4257,10.9879,1.7591,0,0
144,AJ,AJ4,Formiguères,Serra dels Alarbs,44,bleu,lisiere,2023,6992,42.604,2.0047,690,217.6656,0.6101,78.8644,17.6656,3.47,0,0,0,2100,107.0882,0.4334,89.2912,7.0882,1.4788,2.1418,0,0,8680,110.6437,0.6339,82.3582,6.9726,8.7954,1.8738,0,0
145,AK,AK1,Saint-Lary,Col de l'Herbe Soulette,386,rouge,estive,2023,6936,42.8861,0.8684,0,0,0,100,0,0,0,0,0,570,29.0668,0.1734,96.1244,0.255,3.6206,0,0,0,4440,56.5966,0.7249,64.0408,1.8101,34.1491,0,0,0
146,AK,AK2,Saint-Lary,Col de l'Herbe Soulette,386,rouge,lisiere,2023,4559,42.8874,0.8699,460,145.1104,0.7274,64.0379,1.8927,34.0694,0,0,0,1340,68.3325,0.7083,59.1025,0.6119,40.2856,0,0,0,5450,69.471,0.8039,44.6144,2.9955,52.3901,0,0,0
147,AK,AK3,Saint-Lary,Col de l'Herbe Soulette,228,bleu,estive,2023,7175,42.886,0.865,0,0,0,100,0,0,0,0,0,640,32.6364,0.4145,85.4666,0,14.5334,0,0,0,2150,27.406,0.673,60.9305,0.051,39.0185,0,0,0
148,AK,AK4,Saint-Lary,Col de l'Herbe Soulette,228,bleu,lisiere,2023,5765,42.8869,0.8636,320,100.9464,0.6679,61.1987,0,38.8013,0,0,0,760,38.7557,0.6926,48.3427,0,51.6573,0,0,0,2180,27.7884,0.6962,42.2945,0.2294,57.4761,0,0,0
