station_name,file_name,V1,V2,V3,V4,V5,V6,V7,V8,V9,V10,V11,V12,V13,V14,V15,V16,V17,V18,V19,V20,V21,V22,V23,V24,V25,V26,V27,V28,V29,V30,V31,V32,V33,V34,V35,V36,V37,V38,V39,V40,V41,V42,V43,V44,V45,V46,V47,V48,V49,V50,V51,V52,V53,V54,V55,V56,V57,V58,V59,V60,V61,V62,V63,V64,V65,V66,V67,V68,V69,V70,V71,V72,V73,V74,V75,V76,V77,V78,V79,V80,V81,V82,V83,V84,V85,V86,V87,V88,V89,V90,V91,V92,V93,V94,V95,V96,V97,V98,V99,V100,V101,V102,V103,V104,V105,V106,V107,V108,V109,V110,V111,V112,V113,V114,V115,V116,V117,V118,V119,V120,V121,V122,V123,V124,V125,V126,V127,V128
2022/Seix_Col_de_Pause/SM7134_413E_Rouge/Data/,SMA07134_20220622_173311.wav,27,134,97,10,210,96,168,153,191,126,143,224,220,175,120,139,118,127,65,232,179,153,214,208,197,99,174,55,49,10,123,189,119,238,235,30,157,45,130,145,196,134,185,91,0,41,0,140,255,77,148,136,67,97,140,155,101,99,157,159,167,102,168,198,58,68,57,104,41,243,148,46,247,13,147,225,0,120,156,160,86,0,174,93,88,176,56,35,120,5,55,166,248,156,130,146,85,254,255,66,145,255,161,89,198,142,77,202,71,157,89,11,149,89,80,24,163,255,175,130,134,130,165,107,255,204,148,160
2022/Seix_Col_de_Pause/SM7134_413E_Rouge/Data/,SMA07134_20220622_180302.wav,38,138,135,33,201,54,124,202,245,116,153,210,201,171,151,94,113,146,74,174,181,106,255,203,154,106,242,86,33,112,64,117,226,137,186,0,189,127,186,197,217,148,245,30,48,73,19,142,214,75,129,117,0,181,186,144,31,168,132,148,200,141,13,255,101,197,118,141,4,102,99,76,255,35,163,255,60,8,142,215,147,0,0,75,108,178,0,79,136,190,0,128,247,14,170,94,0,143,59,24,214,171,236,23,156,149,105,0,149,150,49,28,240,26,118,178,134,106,32,0,0,46,32,255,255,121,255,5
2022/Seix_Col_de_Pause/SM7134_413E_Rouge/Data/,SMA07134_20220622_183302.wav,0,255,84,0,148,85,214,241,242,91,255,255,255,207,255,115,175,118,80,125,240,226,255,206,151,81,231,75,24,155,0,68,158,130,250,0,221,175,212,255,221,196,255,0,0,0,77,119,110,163,255,92,0,255,255,255,62,63,38,2,139,235,66,139,0,255,101,193,0,203,0,113,255,0,255,255,69,107,255,255,24,11,0,232,0,0,0,0,19,31,0,255,73,0,255,0,93,255,255,255,255,255,241,28,0,255,112,0,183,255,0,103,0,115,0,0,255,38,0,219,236,129,65,255,255,217,255,127
2022/Seix_Col_de_Pause/SM7134_413E_Rouge/Data/,SMA07134_20220622_190302.wav,22,144,122,40,184,56,154,198,252,146,193,251,228,208,170,82,137,118,75,166,178,132,255,211,190,64,194,108,43,123,0,102,198,128,212,0,231,69,187,153,140,192,231,79,35,68,43,190,173,56,172,110,0,169,154,108,88,118,135,121,160,138,118,157,117,153,68,121,64,121,108,63,219,0,207,255,39,103,219,207,60,19,0,121,44,132,0,33,67,120,0,197,146,17,255,58,26,255,129,93,176,241,178,49,78,230,108,40,115,117,0,148,122,142,101,87,144,20,156,45,71,89,126,242,255,116,246,97
2022/Seix_Col_de_Pause/SM7134_413E_Rouge/Data/,SMA07134_20220622_193302.wav,51,126,138,23,196,66,139,191,240,138,153,197,214,183,177,101,118,133,68,174,171,157,255,234,108,86,255,106,43,106,56,140,180,144,182,0,155,100,185,186,126,196,195,103,31,57,80,136,193,97,134,155,23,162,175,173,58,144,118,159,204,100,44,255,58,186,91,104,0,157,109,57,255,0,161,255,60,36,117,197,139,0,0,89,93,221,0,64,182,118,0,156,171,0,194,126,43,172,145,0,224,165,243,53,106,209,61,23,149,148,32,46,251,45,138,124,218,116,56,0,22,39,93,248,255,172,238,0
2022/Seix_Col_de_Pause/SM7134_413E_Rouge/Data/,SMA07134_20220622_200302.wav,56,126,142,26,209,62,130,190,238,131,149,203,194,162,148,122,116,134,84,167,166,110,225,213,144,101,239,128,62,104,83,125,221,156,170,0,191,133,182,191,164,145,208,90,44,87,46,152,190,78,120,124,17,196,201,157,50,147,134,151,185,117,71,255,104,204,100,134,0,106,94,75,255,43,122,255,73,18,140,189,78,0,0,73,135,182,0,75,181,147,0,146,230,36,134,122,0,128,81,38,230,131,242,58,103,192,85,47,200,144,64,63,239,55,125,207,140,136,46,0,26,102,134,255,244,179,194,57
2022/Seix_Col_de_Pause/SM7134_413E_Rouge/Data/,SMA07134_20220622_203302.wav,45,160,63,60,103,11,176,189,255,130,158,255,220,254,160,76,122,133,42,200,251,117,255,150,130,99,143,148,99,107,0,132,161,0,229,0,241,117,217,245,133,255,148,128,0,38,0,117,150,164,255,75,0,101,155,146,119,62,0,112,164,0,78,179,85,255,81,98,79,86,13,186,255,30,181,255,0,168,255,112,195,105,76,186,16,32,0,0,77,0,37,255,0,0,255,152,25,151,255,166,41,217,0,5,77,255,227,33,0,183,13,93,0,116,0,0,255,0,0,143,29,72,91,241,255,0,169,160
2022/Seix_Col_de_Pause/SM7134_413E_Rouge/Data/,SMA07134_20220622_210302.wav,37,141,126,36,206,73,151,203,245,132,195,205,210,215,187,76,170,123,72,175,182,188,255,211,169,78,222,104,33,128,51,82,145,160,204,0,201,132,201,146,191,186,231,42,10,28,85,163,142,94,177,145,0,152,178,195,121,102,122,110,162,126,46,180,80,205,55,130,74,163,83,98,255,0,221,255,38,100,200,255,54,0,0,119,37,125,1,71,117,117,0,188,162,0,231,99,0,253,138,87,248,236,219,38,35,172,72,29,183,193,0,64,117,115,166,149,217,94,79,117,33,48,59,255,255,214,254,30
2022/Seix_Col_de_Pause/SM7134_413E_Rouge/Data/,SMA07134_20220622_213302.wav,22,172,120,24,194,40,137,213,255,130,170,244,255,218,171,104,123,124,101,153,208,146,255,216,147,72,241,105,19,141,51,76,170,165,172,0,177,150,214,198,181,198,255,32,27,37,53,167,200,103,118,120,0,209,214,221,81,99,136,106,136,160,102,219,0,217,97,175,0,167,116,58,255,0,255,255,109,48,177,255,23,2,0,143,123,159,0,0,97,124,32,194,177,0,220,46,0,214,204,42,255,205,255,3,11,179,22,23,174,170,0,41,205,108,121,155,243,67,105,3,0,68,41,255,255,157,255,15
2022/Seix_Col_de_Pause/SM7134_413E_Rouge/Data/,SMA07134_20220622_220302.wav,46,144,139,45,212,61,162,208,242,138,172,206,214,179,155,101,141,133,60,189,166,128,255,246,152,57,255,93,49,99,46,147,214,151,200,0,181,104,229,179,157,204,193,110,19,60,41,148,198,87,72,135,38,174,212,163,54,163,130,150,132,134,69,255,77,175,89,162,0,155,118,69,255,0,178,255,30,28,160,186,108,0,4,47,149,208,0,20,139,114,0,187,164,35,218,132,7,135,87,4,213,163,235,25,83,186,98,19,188,105,0,29,227,18,89,128,150,59,58,0,79,34,141,255,255,140,255,0
2022/Seix_Col_de_Pause/SM7134_413E_Rouge/Data/,SMA07134_20220622_223302.wav,57,126,142,28,197,42,133,193,237,138,137,196,221,159,147,104,101,124,97,158,175,120,255,223,113,96,255,137,58,130,75,156,219,124,181,3,169,83,208,188,149,174,192,73,57,92,52,128,214,107,91,127,0,165,202,131,47,146,133,155,169,120,45,255,87,203,90,151,0,142,127,95,249,65,139,255,71,10,140,189,124,0,6,58,139,206,22,99,193,157,22,153,255,42,135,93,20,48,111,0,217,188,244,42,141,227,143,47,113,123,21,71,255,0,104,156,124,87,43,0,0,3,79,255,255,102,176,0
2022/Seix_Col_de_Pause/SM7134_413E_Rouge/Data/,SMA07134_20220622_230302.wav,60,128,129,54,166,23,123,190,250,124,152,222,203,149,184,67,81,128,88,169,196,107,249,144,127,85,209,73,80,101,14,126,210,139,239,35,244,87,175,233,188,204,248,32,45,149,0,62,221,31,113,104,0,123,158,125,79,164,73,116,222,131,63,255,108,205,94,80,0,102,0,87,224,129,118,251,61,68,255,175,246,0,36,158,30,183,0,0,92,145,62,212,110,46,215,116,42,84,96,72,76,233,114,28,70,175,106,64,0,225,0,36,173,63,33,0,249,8,0,4,8,0,0,255,171,25,255,95
2022/Seix_Col_de_Pause/SM7134_413E_Rouge/Data/,SMA07134_20220622_233302.wav,63,98,150,40,171,56,97,182,237,133,152,194,195,118,181,83,74,148,117,171,162,83,179,182,94,118,223,45,120,97,5,118,204,140,198,0,230,110,192,193,178,182,229,96,88,108,19,80,252,89,118,129,0,164,118,52,25,212,99,186,227,150,23,255,97,215,146,97,0,124,70,113,249,206,64,255,60,3,163,149,235,0,45,62,81,181,21,57,66,211,0,124,190,31,181,145,22,105,168,54,159,140,137,60,152,215,144,41,68,213,116,96,255,0,95,77,244,98,0,0,0,0,13,255,218,76,255,0
2022/Seix_Col_de_Pause/SM7134_413E_Rouge/Data/,SMA07134_20220623_000302.wav,30,120,132,47,164,34,148,168,242,106,153,254,245,144,170,61,53,124,115,166,186,111,174,182,127,101,197,92,66,120,48,120,225,97,197,28,220,82,136,183,187,255,255,38,77,143,1,132,189,42,91,91,0,104,160,75,44,209,111,73,255,180,158,245,152,222,80,93,3,91,31,152,222,108,131,232,75,59,255,165,207,20,34,204,69,162,0,27,123,182,119,137,93,70,153,45,89,115,109,51,143,193,171,86,103,153,170,127,34,206,0,73,207,23,0,12,173,0,4,0,0,12,74,255,213,76,194,0
2022/Seix_Col_de_Pause/SM7134_413E_Rouge/Data/,SMA07134_20220623_003302.wav,50,133,144,37,195,43,139,207,244,127,161,225,201,156,164,104,106,135,72,186,172,93,223,202,128,104,244,101,83,126,57,121,227,118,201,0,209,111,188,210,158,189,228,59,55,83,43,161,173,110,109,117,0,188,197,136,62,165,126,109,175,141,21,255,100,210,86,125,8,122,83,61,255,73,108,255,50,9,195,184,151,0,0,52,148,148,0,61,177,146,0,228,235,3,221,95,30,115,66,61,215,171,204,14,170,177,124,22,149,171,28,85,255,17,55,194,155,36,13,0,0,51,65,255,220,90,246,15
2022/Seix_Col_de_Pause/SM7134_413E_Rouge/Data/,SMA07134_20220623_010302.wav,57,107,144,55,181,44,121,184,224,140,166,195,205,155,164,60,56,125,110,169,166,111,241,181,91,127,221,67,66,139,53,115,213,113,175,0,173,114,167,185,210,190,237,36,60,114,8,131,222,101,115,106,0,127,185,87,42,181,121,140,213,139,43,255,72,229,113,149,1,117,92,132,255,100,133,255,52,54,171,199,185,0,41,100,69,164,0,68,110,168,44,138,148,40,142,74,70,137,127,71,203,181,175,42,147,162,121,98,58,139,47,79,255,33,131,125,207,127,29,0,0,0,73,255,255,106,247,0
2022/Seix_Col_de_Pause/SM7134_413E_Rouge/Data/,SMA07134_20220623_013302.wav,59,126,136,36,203,40,125,195,235,133,154,223,209,172,162,105,107,109,108,165,168,122,229,206,124,95,220,120,66,136,43,136,226,130,171,0,202,111,187,185,156,193,234,77,51,92,15,127,210,75,112,93,24,163,226,124,90,124,135,118,207,179,100,247,80,202,105,157,0,108,96,100,255,58,160,238,80,48,211,188,150,0,0,67,123,160,25,27,153,151,36,164,195,19,117,85,16,116,98,38,185,121,251,49,83,217,62,57,103,162,0,89,200,44,65,128,178,80,25,19,0,66,117,255,251,141,227,16
2022/Seix_Col_de_Pause/SM7134_413E_Rouge/Data/,SMA07134_20220623_020302.wav,60,120,142,40,212,41,131,190,230,144,144,192,199,171,141,110,121,122,106,174,162,132,240,196,125,115,233,129,43,125,95,112,200,121,158,0,162,126,195,177,174,189,218,74,33,90,54,154,179,138,121,127,15,153,212,135,103,119,145,135,198,109,30,255,69,201,113,152,31,139,99,82,255,4,156,255,59,19,168,229,87,0,0,68,148,137,0,67,163,137,0,182,238,18,147,65,36,154,90,33,243,177,229,32,79,218,92,15,167,158,34,42,197,80,112,125,145,115,16,31,0,70,83,255,248,152,207,0
2022/Seix_Col_de_Pause/SM7134_413E_Rouge/Data/,SMA07134_20220623_023302.wav,29,164,140,39,199,45,149,223,255,129,165,233,240,184,140,123,98,134,77,186,162,77,255,246,96,84,253,86,29,144,71,129,216,131,129,21,163,159,249,212,192,240,244,46,49,102,41,179,201,73,90,109,59,173,255,190,26,186,136,101,216,210,47,255,27,228,129,189,0,96,62,26,255,14,187,255,109,0,150,214,139,0,0,30,137,232,0,18,136,107,0,198,193,0,190,113,5,62,53,90,251,61,255,16,116,203,48,0,191,155,0,0,255,37,61,194,211,175,0,0,17,0,77,255,219,235,255,0
2022/Seix_Col_de_Pause/SM7134_413E_Rouge/Data/,SMA07134_20220623_030302.wav,42,156,129,36,202,34,143,202,255,133,172,230,224,199,168,94,119,132,92,170,165,127,255,205,132,80,218,90,32,110,79,140,220,146,164,18,166,139,173,187,177,227,241,31,54,81,2,151,168,52,103,143,6,168,227,198,52,170,123,88,241,147,101,255,88,186,115,138,0,79,38,74,228,0,219,255,71,30,173,216,105,0,0,81,98,197,0,0,176,140,47,189,177,5,192,90,0,124,79,77,189,126,252,19,62,179,42,18,164,132,0,29,197,70,114,108,168,113,29,0,69,31,54,236,255,193,245,0
2022/Seix_Col_de_Pause/SM7134_413E_Rouge/Data/,SMA07134_20220623_033302.wav,35,148,131,19,206,84,163,197,255,121,185,217,207,188,197,115,159,126,56,175,168,187,255,224,170,44,240,101,58,98,36,92,162,193,224,0,199,115,186,198,143,174,213,67,23,53,71,152,140,80,166,140,0,180,161,221,83,134,95,109,187,96,39,185,106,237,37,99,52,190,91,38,255,0,138,255,2,43,157,188,121,0,0,144,39,206,0,52,109,101,0,171,179,7,213,161,0,255,111,23,168,185,240,4,104,140,120,51,197,194,26,79,206,84,82,215,202,152,35,33,12,23,53,255,235,173,255,0
2022/Seix_Col_de_Pause/SM7134_413E_Rouge/Data/,SMA07134_20220623_040302.wav,47,139,135,39,199,38,141,193,243,124,168,207,210,184,157,91,97,134,83,162,166,129,255,182,127,89,220,93,44,121,73,127,211,151,191,0,179,109,183,206,191,192,229,14,51,98,23,138,187,77,135,113,0,174,180,184,55,190,104,137,215,106,51,255,72,197,130,123,28,106,72,46,255,50,169,255,42,3,167,211,117,0,0,118,63,196,0,62,112,150,7,185,194,11,189,107,0,158,81,57,200,183,214,0,104,128,89,23,139,145,0,80,225,38,132,190,163,120,14,0,0,56,34,255,255,161,248,0
2022/Seix_Col_de_Pause/SM7134_413E_Rouge/Data/,SMA07134_20220623_043302.wav,45,150,112,40,178,26,132,183,255,106,157,220,233,187,206,94,95,137,79,172,177,166,255,179,131,47,206,78,50,89,3,122,174,141,247,26,220,107,137,235,154,250,249,13,0,91,0,85,193,36,133,108,0,113,191,197,105,174,75,87,254,115,85,255,100,246,78,111,0,98,11,88,255,36,137,255,39,57,240,189,213,0,0,167,12,125,0,0,133,154,97,196,109,33,199,83,0,166,141,92,37,219,164,19,106,207,80,81,0,193,0,31,160,30,37,65,216,92,0,0,0,90,1,255,193,49,245,0
2022/Seix_Col_de_Pause/SM7134_413E_Rouge/Data/,SMA07134_20220623_050302.wav,41,142,133,22,189,56,147,198,255,128,178,238,228,185,148,97,141,115,71,156,146,139,255,203,164,94,215,94,41,95,50,132,215,128,170,12,218,91,166,201,155,178,241,61,47,128,70,165,145,40,153,120,0,211,207,162,40,174,126,113,255,82,71,255,132,204,158,99,31,98,68,29,255,48,158,255,56,17,177,184,114,0,0,52,40,204,0,22,108,146,15,170,205,0,172,127,8,163,71,76,104,138,246,30,111,173,56,10,134,78,33,98,210,55,170,114,112,68,61,0,0,31,0,243,203,160,255,0
2022/Seix_Col_de_Pause/SM7134_413E_Rouge/Data/,SMA07134_20220623_053302.wav,27,161,112,17,180,29,140,194,255,111,162,255,250,189,177,103,100,108,82,170,206,131,255,175,154,52,245,86,8,105,18,128,211,166,214,2,232,104,149,247,149,219,255,20,15,115,0,99,192,45,135,72,0,174,177,155,73,187,124,87,255,100,53,225,111,180,158,135,11,115,54,41,242,0,190,255,48,0,183,217,198,0,0,119,30,174,0,0,44,119,106,207,145,8,174,103,0,195,142,82,73,255,230,12,123,183,84,0,38,132,0,50,212,58,106,96,192,15,0,0,0,8,0,255,184,67,255,0
2022/Seix_Col_de_Pause/SM7134_413E_Rouge/Data/,SMA07134_20220623_060302.wav,0,255,68,0,139,94,235,241,236,79,245,255,255,215,239,72,169,120,53,198,255,235,255,201,209,87,239,32,27,114,0,59,146,165,255,0,219,138,218,255,245,205,255,0,0,0,0,83,138,142,255,72,0,253,255,242,0,146,56,3,122,242,97,133,0,255,71,255,0,230,4,95,255,0,255,255,67,80,255,255,64,15,0,255,0,0,0,0,0,136,7,255,53,37,255,63,150,255,255,255,245,255,152,0,105,255,255,24,147,255,0,0,27,173,0,0,217,17,0,209,180,223,70,255,255,40,255,173
2022/Seix_Col_de_Pause/SM7134_413E_Rouge/Data/,SMA07134_20220623_063302.wav,0,242,76,0,120,57,188,228,255,104,156,255,255,230,140,92,166,187,38,218,255,54,255,186,228,29,175,122,98,44,0,49,229,79,255,0,206,123,255,253,180,233,246,65,36,0,0,145,173,178,220,99,0,255,188,123,9,187,0,77,157,239,92,99,81,208,113,215,52,241,32,34,206,0,255,255,27,136,255,169,243,93,131,192,0,179,0,0,0,156,33,207,149,138,255,149,173,255,251,86,191,148,0,0,154,255,255,57,31,255,0,123,5,255,0,32,255,0,72,80,24,176,255,255,255,153,255,211
2022/Seix_Col_de_Pause/SM7134_413E_Rouge/Data/,SMA07134_20220623_070302.wav,0,213,79,30,135,54,207,217,255,96,232,247,255,253,255,58,184,116,25,191,255,255,255,214,102,33,211,29,0,77,0,81,123,73,255,0,255,129,172,255,121,255,236,0,0,0,0,102,116,147,240,127,0,123,203,211,135,74,0,53,151,188,34,118,0,255,30,216,78,229,0,69,255,0,255,255,0,141,255,218,202,0,0,255,0,101,0,0,28,30,77,255,12,46,255,146,94,255,243,255,66,255,68,86,52,203,147,142,0,255,0,126,0,112,0,0,255,15,0,154,88,57,0,255,224,66,255,43
2022/Seix_Col_de_Pause/SM7134_413E_Rouge/Data/,SMA07134_20220623_073302.wav,27,165,110,10,171,57,145,196,255,93,193,233,207,198,210,81,113,157,25,188,224,138,255,191,185,71,213,103,37,90,0,79,217,121,255,0,255,84,166,249,175,177,211,14,24,80,22,142,160,65,171,120,0,208,120,182,21,194,72,82,242,122,45,192,153,221,67,80,69,90,11,48,255,27,165,255,0,97,200,190,216,0,0,167,1,203,0,36,80,152,13,202,146,29,200,111,3,252,110,25,71,231,159,21,147,130,140,71,74,213,0,88,162,105,88,193,253,18,85,3,0,98,109,255,195,61,255,34
2022/Seix_Col_de_Pause/SM7134_413E_Rouge/Data/,SMA07134_20220623_080302.wav,37,145,134,81,255,116,147,182,255,115,63,184,255,114,26,164,107,89,189,237,88,186,161,230,171,0,176,14,50,0,97,57,104,255,191,56,185,255,175,0,137,255,251,58,0,94,0,246,81,215,208,139,164,105,223,69,146,64,92,248,171,4,150,179,230,189,203,240,162,255,88,20,59,34,255,252,159,0,145,200,120,255,0,138,53,6,12,0,0,86,153,13,0,179,177,77,180,255,91,196,168,0,167,170,52,255,16,0,154,31,255,59,199,209,47,187,0,5,88,253,0,0,55,0,255,189,255,32
2022/Seix_Col_de_Pause/SM7134_413E_Rouge/Data/,SMA07134_20220623_083302.wav,23,193,99,15,174,43,182,206,255,112,187,255,255,212,214,102,142,118,49,160,201,180,255,184,149,34,236,60,43,88,0,71,190,171,249,0,190,150,218,255,145,220,255,0,0,72,0,99,140,89,198,116,0,211,211,234,104,160,86,34,227,154,22,165,40,255,70,154,10,161,7,0,255,0,219,255,5,28,189,149,178,0,0,198,0,168,0,0,97,97,94,255,101,17,255,127,0,183,203,116,109,227,209,18,108,210,119,7,0,178,0,61,134,63,0,108,253,4,89,32,0,46,0,255,220,94,255,5
2022/Seix_Col_de_Pause/SM7134_413E_Rouge/Data/,SMA07134_20220623_090302.wav,0,255,61,0,91,32,255,227,255,32,255,255,255,204,255,14,169,120,1,127,233,255,255,201,127,87,232,30,45,164,0,54,211,21,199,0,183,39,189,255,201,195,205,0,0,0,20,61,19,155,255,18,0,255,166,229,0,191,0,0,255,255,102,255,0,255,232,210,86,69,0,68,255,0,255,255,0,84,255,117,255,0,0,255,0,119,0,0,176,122,94,255,0,0,255,0,127,255,255,81,87,255,255,59,47,255,255,7,0,220,0,245,0,133,0,0,244,0,139,211,255,122,173,242,255,57,255,109
2022/Seix_Col_de_Pause/SM7134_413E_Rouge/Data/,SMA07134_20220623_093302.wav,55,121,154,28,150,110,174,72,250,198,0,239,174,153,0,187,57,0,195,155,56,137,156,108,67,71,121,90,159,202,197,33,0,106,0,173,164,39,157,1,0,197,82,159,212,97,188,246,191,255,156,112,126,34,39,65,169,146,0,238,144,38,164,112,74,0,27,206,54,192,244,95,119,149,255,0,78,0,177,121,0,154,255,197,255,75,168,118,20,47,255,193,26,255,135,119,255,174,134,235,45,57,37,255,170,123,88,192,111,2,71,255,145,107,234,3,211,68,166,255,0,34,97,224,255,167,217,17
2022/Seix_Col_de_Pause/SM7134_413E_Rouge/Data/,SMA07134_20220623_100302.wav,20,172,128,64,173,16,178,234,254,98,164,255,255,153,139,56,43,146,125,157,197,72,255,154,104,86,242,54,69,171,62,104,255,87,178,34,213,152,227,255,255,211,255,0,53,181,0,128,165,0,66,128,0,220,255,112,41,170,105,6,238,233,48,255,112,255,104,206,0,79,33,37,255,84,145,255,61,6,245,154,241,0,0,255,12,98,0,14,29,255,181,224,121,9,141,62,79,68,67,148,86,241,202,88,77,204,255,110,0,74,0,109,202,0,25,8,143,16,8,0,0,0,0,255,106,134,255,0
2022/Seix_Col_de_Pause/SM7134_413E_Rouge/Data/,SMA07134_20220623_103302.wav,0,230,71,25,123,32,242,222,214,105,255,255,255,199,235,27,151,119,22,208,248,222,255,148,227,64,219,51,70,82,0,85,232,103,255,0,194,15,252,255,255,210,174,0,0,46,0,128,101,122,242,66,0,218,250,222,66,239,0,41,175,255,115,175,14,255,135,244,87,83,45,0,223,0,255,255,0,32,255,57,251,0,0,255,0,129,0,0,35,118,205,255,0,167,255,19,190,255,255,212,0,255,147,0,184,214,255,86,0,213,0,215,0,172,0,0,13,5,111,118,0,104,139,255,255,0,255,106
2022/Seix_Col_de_Pause/SM7134_413E_Rouge/Data/,SMA07134_20220623_110302.wav,28,145,113,60,168,19,154,221,235,127,174,248,255,175,159,35,84,121,100,156,216,119,255,144,123,66,255,100,59,192,30,96,227,113,215,47,227,52,234,255,182,189,255,0,33,209,56,162,156,9,77,104,0,146,240,115,71,115,100,31,151,193,47,255,89,218,93,133,0,119,71,6,255,93,104,255,31,48,239,151,210,62,0,183,0,145,0,19,7,217,128,224,91,67,130,92,125,125,200,115,54,255,169,72,83,239,255,97,0,152,0,165,97,88,88,19,169,20,57,0,0,0,0,255,100,167,255,9
2022/Seix_Col_de_Pause/SM7134_413E_Rouge/Data/,SMA07134_20220623_113302.wav,86,129,151,25,168,61,108,149,252,164,80,174,227,202,82,67,128,116,167,181,110,174,125,191,101,70,78,255,114,180,72,173,95,42,194,184,199,0,135,98,187,255,48,0,117,246,229,158,191,41,0,178,0,89,174,255,227,23,0,233,255,255,0,0,12,102,152,1,0,145,0,255,148,175,207,197,153,119,255,15,0,0,83,70,87,255,0,255,33,196,255,27,255,0,159,81,96,85,175,151,61,147,120,152,0,147,222,49,0,77,0,22,255,255,255,0,229,0,212,0,255,0,255,255,177,228,177,194
2022/Seix_Col_de_Pause/SM7134_413E_Rouge/Data/,SMA07134_20220623_120302.wav,18,173,120,18,157,11,182,202,255,130,177,255,255,180,190,91,59,135,71,139,205,118,255,167,115,91,205,70,93,116,0,116,249,89,255,0,191,50,237,255,159,195,253,15,0,90,0,107,149,77,135,75,0,245,201,115,32,189,98,94,197,148,105,238,32,223,99,166,0,82,0,0,255,53,106,255,52,36,255,98,212,0,0,206,0,178,7,0,71,213,97,239,98,11,253,89,63,171,129,73,109,206,175,0,75,255,193,74,0,145,0,214,47,69,20,43,126,35,92,0,0,70,52,242,215,76,255,0
2022/Seix_Col_de_Pause/SM7134_413E_Rouge/Data/,SMA07134_20220623_123302.wav,25,146,75,30,95,9,132,160,235,195,182,255,255,228,131,64,114,145,54,111,244,104,255,146,134,90,171,246,60,161,0,62,255,74,148,20,140,0,237,201,193,204,136,189,0,62,144,116,97,183,222,89,0,86,180,150,80,66,114,79,68,90,178,151,6,221,49,83,0,115,47,0,248,124,113,255,0,142,255,98,160,157,0,61,54,74,0,22,98,74,127,239,27,21,227,87,68,142,234,103,231,144,217,57,97,255,111,225,61,242,0,102,0,165,0,180,255,16,255,0,0,128,156,159,254,53,236,43
2022/Seix_Col_de_Pause/SM7134_413E_Rouge/Data/,SMA07134_20220623_130302.wav,60,127,126,60,168,10,127,212,240,135,151,252,236,143,179,58,60,139,120,151,198,86,255,127,120,97,231,84,90,155,41,115,225,101,213,71,230,72,208,255,180,193,223,29,67,195,0,94,190,51,74,105,0,107,236,80,118,176,97,64,148,180,68,255,85,198,94,107,0,72,88,62,233,151,107,255,67,89,255,135,255,26,11,159,24,120,0,0,58,209,94,194,155,95,191,123,86,0,136,113,139,177,195,60,45,254,190,84,0,190,0,188,89,52,15,0,112,0,74,0,0,0,0,255,146,97,237,78
2022/Seix_Col_de_Pause/SM7134_413E_Rouge/Data/,SMA07134_20220623_133302.wav,41,123,111,53,166,22,184,176,204,135,129,255,255,157,98,43,116,108,117,170,205,93,172,131,108,38,235,92,17,168,21,136,156,82,107,136,255,1,137,255,109,255,209,47,0,167,96,149,193,60,93,34,18,0,116,62,169,255,70,91,201,214,177,176,46,190,211,157,0,186,109,70,245,164,160,255,10,0,181,219,218,150,4,54,116,95,41,66,0,184,81,140,130,122,156,64,188,76,195,215,21,224,238,64,113,132,133,140,0,109,0,188,105,149,144,0,84,0,144,0,61,0,0,161,245,1,255,0
2022/Seix_Col_de_Pause/SM7134_413E_Rouge/Data/,SMA07134_20220623_140302.wav,65,90,136,54,149,30,139,143,223,156,142,255,154,140,124,65,87,116,145,92,163,137,142,144,116,101,139,136,49,157,125,82,146,69,131,7,255,143,207,232,255,191,157,69,114,118,85,144,172,67,136,135,0,221,143,27,49,145,56,81,214,74,103,181,210,203,20,82,55,163,82,107,205,225,122,255,89,238,255,202,86,234,216,86,0,217,68,120,0,144,77,163,113,255,37,92,113,19,248,127,217,214,102,82,0,111,205,114,235,49,43,153,158,255,92,120,197,216,179,154,91,53,140,161,92,122,5,215
2022/Seix_Col_de_Pause/SM7134_413E_Rouge/Data/,SMA07134_20220623_143302.wav,50,150,148,66,190,28,145,219,251,116,163,250,227,110,129,72,15,161,151,136,171,57,255,191,66,106,255,84,88,203,123,100,225,95,118,44,179,170,255,251,244,178,237,0,140,162,39,96,220,79,83,132,0,235,218,115,82,156,132,74,214,197,0,255,110,223,67,212,0,110,24,90,193,194,73,255,97,6,122,138,255,0,0,152,100,122,0,73,69,255,81,233,248,50,60,128,172,33,108,87,255,239,255,75,207,173,255,110,0,87,14,117,255,0,80,205,205,68,0,4,0,0,0,255,60,130,213,0
2022/Seix_Col_de_Pause/SM7134_413E_Rouge/Data/,SMA07134_20220623_150302.wav,8,173,111,47,154,14,163,231,255,104,161,255,255,168,154,51,45,136,120,175,217,78,255,168,138,52,251,82,64,158,16,89,225,106,197,42,246,78,227,255,163,251,248,1,46,190,0,119,220,0,73,92,0,146,252,131,53,193,71,11,209,251,49,255,82,255,91,144,0,96,32,0,247,92,122,255,67,11,255,136,255,0,0,204,24,157,0,0,38,231,95,205,119,9,224,100,89,106,105,85,27,225,222,43,100,255,216,82,0,162,0,108,149,0,12,6,238,0,7,0,0,0,0,255,94,125,255,0
2022/Seix_Col_de_Pause/SM7134_413E_Rouge/Data/,SMA07134_20220623_153302.wav,56,143,121,89,179,0,142,237,233,131,157,228,252,133,119,52,27,142,147,156,193,59,255,138,80,95,255,91,92,195,102,108,219,114,164,100,177,127,240,255,243,205,217,0,62,184,11,62,216,61,54,113,19,69,243,145,158,229,66,31,116,215,0,255,62,250,84,192,0,108,0,22,182,168,32,255,33,69,209,110,255,0,0,107,16,125,0,0,54,255,114,223,136,164,136,154,143,0,118,200,96,255,192,61,134,255,245,110,0,215,0,156,174,0,10,90,208,51,11,0,0,0,0,255,118,55,255,0
2022/Seix_Col_de_Pause/SM7134_413E_Rouge/Data/,SMA07134_20220623_160302.wav,0,228,84,18,145,20,194,228,255,111,254,255,255,216,255,87,102,133,87,164,231,221,255,186,193,52,204,8,124,80,0,85,192,186,254,0,168,79,241,255,167,255,240,0,0,33,0,111,147,91,255,75,0,242,237,241,69,85,66,35,178,244,135,149,0,255,122,234,0,30,76,47,255,0,255,255,33,0,255,111,66,0,0,255,0,37,0,0,62,161,243,255,0,32,255,0,60,255,255,219,123,255,163,0,61,255,255,12,0,255,0,167,0,111,0,0,165,0,41,0,8,116,94,255,255,29,255,0
2022/Seix_Col_de_Pause/SM7134_413E_Rouge/Data/,SMA07134_20220623_163302.wav,28,170,129,58,186,21,146,249,239,115,177,247,255,138,114,72,37,170,96,181,179,44,255,191,80,120,255,84,77,203,99,120,246,106,171,26,177,148,255,255,214,162,255,0,91,166,8,140,200,61,77,135,0,255,255,151,32,177,128,59,203,228,0,255,76,210,96,217,0,121,44,10,240,98,140,255,73,7,157,144,206,0,0,126,108,145,0,63,175,222,32,229,255,16,116,158,132,16,67,145,219,255,240,27,188,204,242,0,0,146,0,49,255,0,70,237,178,20,0,0,0,0,0,255,149,130,255,0
2022/Seix_Col_de_Pause/SM7134_413E_Rouge/Data/,SMA07134_20220623_170302.wav,13,184,129,44,181,26,175,228,253,119,181,255,255,146,156,82,100,152,146,164,181,127,255,178,173,75,185,16,57,137,13,153,217,128,186,0,199,86,237,248,255,195,255,0,37,171,0,181,165,28,94,109,5,191,255,118,73,137,138,61,167,253,0,255,67,192,153,201,0,113,164,52,255,40,218,246,80,0,255,155,178,0,0,185,0,169,0,0,104,211,244,255,115,0,228,25,92,138,134,80,100,185,198,68,86,255,237,0,0,53,32,243,170,71,127,0,0,79,117,0,0,0,0,255,255,173,255,0
2022/Seix_Col_de_Pause/SM7134_413E_Rouge/Data/,SMA07134_20220623_173302.wav,22,156,115,0,156,55,152,182,246,120,196,255,229,184,224,108,99,150,51,153,214,149,255,181,181,111,215,105,95,99,0,86,228,119,218,0,218,18,220,255,152,131,237,64,14,81,44,141,77,145,227,98,0,226,131,135,32,121,96,82,210,115,121,154,88,218,76,79,0,134,61,11,255,92,113,255,0,78,216,190,157,0,0,174,0,210,26,72,123,136,8,244,138,0,247,24,46,209,152,65,161,171,179,0,137,253,206,21,78,221,0,223,35,168,90,109,214,125,212,68,0,22,182,177,255,134,255,10
2022/Seix_Col_de_Pause/SM7134_413E_Rouge/Data/,SMA07134_20220623_180302.wav,13,171,80,48,126,11,215,186,217,134,187,255,255,200,198,67,137,96,54,159,234,199,255,174,182,44,217,98,49,100,0,155,233,89,255,25,194,0,200,216,220,239,239,9,0,160,45,140,42,128,120,91,0,59,212,174,144,148,74,20,199,255,183,116,0,239,80,106,0,184,75,16,255,28,167,224,0,35,226,134,209,93,0,188,9,102,0,0,65,36,255,254,0,67,255,120,104,227,255,185,103,255,120,81,150,255,202,115,0,255,0,218,0,80,0,0,146,132,246,0,0,77,0,255,255,114,239,32
2022/Seix_Col_de_Pause/SM7134_413E_Rouge/Data/,SMA07134_20220623_183302.wav,53,173,126,106,197,0,150,255,231,112,164,235,255,126,95,75,67,184,177,122,144,108,255,150,49,81,255,88,57,219,139,165,214,103,119,87,166,135,255,229,232,220,251,0,94,222,0,81,165,22,0,164,57,159,255,184,163,119,96,88,150,230,0,255,113,207,83,182,0,111,105,86,172,131,89,255,133,47,255,187,244,0,0,200,99,82,0,0,176,255,255,224,248,58,75,61,34,0,205,156,143,237,209,35,10,255,255,51,0,78,0,156,255,0,3,24,95,67,57,0,0,0,0,255,231,73,220,0
2022/Seix_Col_de_Pause/SM7134_413E_Rouge/Data/,SMA07134_20220623_190302.wav,55,154,116,80,176,0,154,251,234,132,161,232,255,156,139,49,70,150,149,147,171,89,255,131,75,85,255,63,57,198,96,155,224,93,177,77,218,91,207,255,241,219,255,0,41,219,0,139,160,51,23,138,6,86,255,135,131,167,88,39,121,193,14,255,92,197,112,170,4,78,78,20,189,77,83,255,80,75,255,169,255,0,0,141,37,108,0,0,88,255,227,228,144,143,143,81,63,34,157,145,125,144,204,95,75,255,205,52,0,83,0,200,165,16,26,7,35,3,111,0,0,0,0,255,255,92,233,0
2022/Seix_Col_de_Pause/SM7134_413E_Rouge/Data/,SMA07134_20220623_193302.wav,70,111,136,60,205,33,139,190,212,150,162,183,219,155,174,69,122,129,104,141,151,179,255,155,142,81,234,71,72,118,57,133,169,185,205,23,162,51,171,208,156,170,206,37,17,81,7,64,169,95,123,118,5,115,153,153,108,146,113,113,156,113,36,255,96,220,82,115,29,175,125,64,255,55,114,255,32,52,181,198,142,13,69,66,21,207,0,53,156,149,48,190,183,64,191,108,58,81,192,63,139,199,212,2,101,165,147,81,32,158,0,167,233,0,136,18,123,122,60,0,33,0,10,243,205,38,233,22
2022/Seix_Col_de_Pause/SM7134_413E_Rouge/Data/,SMA07134_20220623_200302.wav,28,167,73,31,84,15,163,173,255,160,175,255,255,248,197,92,137,153,63,191,255,100,255,165,117,118,123,161,168,139,0,139,235,40,255,0,151,18,255,255,42,194,209,141,0,53,36,180,63,255,255,80,0,113,142,202,104,80,0,46,92,99,118,151,0,198,98,103,0,153,75,145,255,141,104,177,0,180,255,84,233,4,0,159,43,8,39,0,203,0,92,255,0,0,255,69,58,202,255,219,80,156,84,0,99,255,205,20,0,255,0,219,42,146,0,89,255,25,131,0,0,0,134,250,255,159,255,155
2022/Seix_Col_de_Pause/SM7134_413E_Rouge/Data/,SMA07134_20220623_203302.wav,47,138,96,47,167,19,150,228,233,129,158,255,255,166,183,63,66,131,104,157,220,125,255,138,118,50,255,104,69,154,11,89,204,93,242,96,255,42,215,255,172,201,223,42,0,215,44,103,193,20,66,143,0,59,210,131,72,190,94,8,135,170,86,255,67,243,95,76,0,48,52,42,255,78,104,255,18,81,216,76,255,65,0,126,3,183,0,34,0,238,161,154,141,207,192,136,83,0,185,130,45,247,229,93,179,237,177,83,0,210,0,145,144,34,0,37,139,0,117,0,33,0,7,255,126,90,255,0
2022/Seix_Col_de_Pause/SM7134_413E_Rouge/Data/,SMA07134_20220623_210302.wav,54,149,97,78,165,6,144,255,253,142,141,223,250,174,163,21,85,136,103,171,209,101,255,139,89,46,255,82,69,180,71,91,199,126,255,77,172,64,253,255,211,234,241,0,56,216,0,99,197,9,35,169,0,34,255,159,141,189,48,31,53,172,0,255,70,216,82,135,0,143,99,5,178,95,79,255,78,128,255,170,255,0,22,168,5,150,0,11,98,255,193,231,89,182,167,113,100,0,233,112,55,255,137,38,102,212,203,88,0,185,0,122,161,0,22,0,93,0,107,0,35,0,0,255,156,95,255,0
2022/Seix_Col_de_Pause/SM7134_413E_Rouge/Data/,SMA07134_20220623_213302.wav,56,142,156,110,192,23,123,250,239,124,137,212,192,82,99,42,29,165,113,241,166,0,245,189,27,101,251,27,49,231,191,131,195,221,108,88,157,221,241,255,245,255,230,0,188,217,0,89,255,84,56,208,0,68,225,186,106,255,123,85,119,177,0,255,135,236,167,227,0,140,78,14,0,220,77,255,189,206,168,255,255,16,80,0,96,177,0,87,42,255,84,188,222,118,142,109,83,0,211,79,255,221,88,100,80,113,255,0,2,180,0,142,255,0,25,172,255,225,0,0,0,0,0,255,149,105,186,0
2022/Seix_Col_de_Pause/SM7134_413E_Rouge/Data/,SMA07134_20220623_220302.wav,47,107,137,34,171,62,137,170,239,136,131,213,193,127,185,52,57,130,120,230,186,79,219,185,121,114,255,81,84,157,55,112,192,160,174,59,227,112,144,229,156,229,194,69,85,168,56,121,255,95,36,180,0,65,66,82,28,255,87,84,213,150,16,252,98,228,97,80,32,143,49,196,203,184,65,251,70,108,165,169,243,49,123,71,107,208,0,56,16,108,45,159,167,105,76,161,117,111,255,33,181,148,172,112,226,147,226,76,20,101,51,104,255,53,70,91,255,70,0,0,0,0,0,255,136,0,229,0
2022/Seix_Col_de_Pause/SM7134_413E_Rouge/Data/,SMA07134_20220623_223302.wav,78,87,160,78,165,63,142,150,231,128,85,113,183,108,169,12,87,153,159,255,173,85,217,162,70,168,208,38,45,144,110,149,169,132,160,92,161,164,142,213,163,231,158,65,74,89,81,112,255,93,52,117,13,32,70,117,52,255,109,158,240,193,12,254,113,116,146,43,71,222,0,177,243,255,55,248,106,164,120,198,255,0,211,70,156,190,39,125,86,162,43,216,101,56,101,111,29,32,191,82,202,150,139,112,142,106,169,138,21,89,172,83,255,169,213,0,255,102,0,0,30,0,0,255,120,0,255,0
2022/Seix_Col_de_Pause/SM7134_413E_Rouge/Data/,SMA07134_20220623_230302.wav,77,93,156,74,163,72,127,151,236,117,77,111,185,116,172,8,131,152,137,255,192,107,209,170,86,155,187,54,38,109,103,155,154,128,195,53,156,170,171,174,157,214,140,44,76,68,74,104,255,90,73,144,0,50,50,135,43,255,87,143,207,172,12,239,110,90,109,20,54,225,0,171,239,255,50,255,57,104,99,190,255,0,180,49,173,190,41,111,174,179,32,218,161,25,134,125,25,34,141,118,201,163,133,120,129,83,151,212,12,122,158,11,255,225,255,0,255,106,26,0,57,40,0,248,119,2,255,29
2022/Seix_Col_de_Pause/SM7134_413E_Rouge/Data/,SMA07134_20220623_233302.wav,41,120,141,45,189,61,136,180,236,134,136,216,227,151,111,63,97,98,78,201,172,80,201,191,166,71,240,70,70,147,98,114,183,193,167,48,223,103,151,224,139,255,220,51,74,172,57,152,255,108,55,127,0,146,133,112,63,221,90,76,190,146,33,214,65,197,146,74,0,147,111,87,200,167,99,245,93,9,150,218,161,23,35,73,135,170,0,66,47,195,20,154,202,22,131,179,86,110,125,21,206,150,185,87,129,134,192,45,152,84,35,35,255,77,82,181,221,95,5,0,0,0,40,255,145,101,197,64
2022/Seix_Col_de_Pause/SM7134_413E_Rouge/Data/,SMA07134_20220624_000302.wav,42,125,133,62,178,33,134,178,227,131,166,200,233,163,137,20,131,125,144,195,212,91,172,134,166,47,201,80,60,157,16,101,189,127,180,7,245,93,127,159,157,255,218,27,131,161,83,126,245,0,39,125,0,91,91,97,88,237,75,115,213,224,78,83,78,156,184,90,23,162,98,165,126,170,189,184,81,123,167,201,121,44,49,44,147,224,0,72,41,181,138,171,148,70,150,72,107,165,166,104,126,217,141,132,79,81,107,60,55,140,0,32,141,172,87,0,255,95,51,0,99,0,50,255,184,0,255,138
2022/Seix_Col_de_Pause/SM7134_413E_Rouge/Data/,SMA07134_20220624_003302.wav,54,83,131,48,149,28,122,104,202,139,143,211,205,151,174,76,62,70,182,139,139,149,109,190,69,65,175,86,92,124,115,157,122,81,153,76,223,28,104,66,200,255,255,56,138,255,131,216,131,22,11,102,0,0,94,35,110,187,1,73,255,189,152,74,111,117,109,80,90,135,77,189,130,178,108,122,39,144,255,153,112,109,157,73,44,237,52,161,92,91,255,149,147,124,53,69,93,189,193,198,217,192,125,170,174,31,131,180,12,175,68,224,143,150,31,41,109,167,84,0,166,50,90,180,243,75,123,89
2022/Seix_Col_de_Pause/SM7134_413E_Rouge/Data/,SMA07134_20220624_010302.wav,59,94,123,34,179,101,56,121,254,133,155,117,183,144,135,47,112,50,110,244,138,148,185,255,169,89,199,58,89,135,89,233,196,180,229,43,158,92,36,115,61,172,194,163,130,161,121,119,242,53,0,196,45,142,134,164,67,232,119,6,255,147,140,156,126,90,96,32,117,129,64,246,141,151,98,112,62,115,177,89,195,0,234,65,115,248,51,154,138,4,101,127,163,0,101,223,0,230,162,85,180,44,45,82,93,86,90,164,90,132,249,59,214,184,79,111,232,29,0,12,5,48,80,232,173,51,69,255
2022/Seix_Col_de_Pause/SM7134_413E_Rouge/Data/,SMA07134_20220624_013302.wav,72,126,101,52,217,45,119,170,174,161,122,142,255,166,89,3,241,88,136,146,105,229,255,188,106,0,235,185,0,65,127,161,220,216,102,104,175,0,61,116,126,210,255,31,65,255,48,194,78,0,0,175,160,29,255,170,225,47,0,0,255,231,200,170,61,54,136,31,0,202,85,193,148,80,177,164,45,70,236,211,101,74,127,145,175,153,17,146,203,156,255,129,181,0,91,49,0,170,255,149,207,63,115,124,147,152,29,153,0,57,0,68,169,140,189,0,11,111,209,189,138,25,7,226,255,42,142,211
2022/Seix_Col_de_Pause/SM7134_413E_Rouge/Data/,SMA07134_20220624_020302.wav,52,123,130,65,183,40,137,221,236,133,147,221,214,133,137,44,51,149,90,211,174,62,255,168,92,97,255,67,72,178,105,103,219,183,178,56,214,116,179,255,176,215,201,44,87,200,29,84,255,55,57,191,0,121,165,91,22,255,121,91,168,155,0,255,121,243,111,105,0,130,91,30,124,189,36,255,129,147,187,192,235,37,78,71,80,203,0,86,36,255,19,137,196,118,92,165,109,0,227,17,151,153,188,109,184,212,236,0,0,154,0,103,255,0,36,177,255,102,0,0,0,0,0,255,141,104,255,0
2022/Seix_Col_de_Pause/SM7134_413E_Rouge/Data/,SMA07134_20220624_023302.wav,56,147,103,52,176,9,145,235,239,137,153,237,255,161,171,62,79,138,104,144,185,127,255,147,133,40,255,112,75,163,67,153,235,120,255,93,201,44,214,255,191,196,184,12,19,204,0,81,159,7,64,146,0,94,255,145,116,165,92,79,143,168,39,255,88,191,66,116,0,125,95,0,213,86,93,255,29,57,255,93,255,0,0,129,0,177,0,47,157,252,188,249,155,143,182,138,40,0,130,94,85,255,225,70,103,255,165,76,0,202,0,170,131,0,0,24,47,0,85,0,0,0,0,255,158,79,255,0
2022/Seix_Col_de_Pause/SM7134_413E_Rouge/Data/,SMA07134_20220624_030302.wav,60,150,128,87,196,2,138,244,214,149,160,213,231,123,105,69,29,163,159,148,155,70,255,178,51,95,255,76,51,198,136,183,209,127,127,69,113,139,255,248,230,173,252,0,98,151,0,44,237,105,14,146,29,101,255,135,108,185,126,161,114,228,0,255,64,170,110,230,0,162,81,56,107,89,78,255,106,68,145,146,226,0,6,39,134,197,0,52,161,225,132,221,255,110,65,135,68,0,147,177,255,230,234,68,98,255,255,16,0,189,0,143,255,0,108,43,106,53,0,0,0,0,0,255,255,152,145,0
2022/Seix_Col_de_Pause/SM7134_413E_Rouge/Data/,SMA07134_20220624_033302.wav,46,146,124,45,187,28,143,255,236,139,155,255,239,122,116,67,86,154,64,163,190,76,255,187,93,66,255,82,81,192,109,114,223,163,215,72,186,44,255,255,174,153,226,0,64,199,32,41,175,19,45,155,0,150,185,136,55,196,164,77,120,206,0,255,84,187,80,169,0,167,77,0,179,71,107,255,86,76,140,96,230,0,25,69,57,171,0,81,150,255,46,150,255,110,108,106,77,0,207,119,164,255,199,38,187,197,212,2,0,255,0,161,255,0,51,162,141,60,0,0,0,0,0,255,124,55,255,0
2022/Seix_Col_de_Pause/SM7134_413E_Rouge/Data/,SMA07134_20220624_040302.wav,60,144,140,82,180,5,155,248,226,127,149,248,248,106,93,69,54,146,123,163,176,37,255,153,54,120,255,72,91,210,116,119,224,109,151,85,191,135,255,255,230,203,239,0,87,222,0,114,156,67,68,136,15,166,255,120,79,193,96,92,135,180,0,255,106,227,125,186,0,113,43,8,152,174,59,255,97,54,244,172,255,0,0,133,96,57,0,0,75,255,77,196,199,70,133,93,151,0,74,127,187,179,154,7,138,245,246,4,0,113,0,125,255,0,0,144,145,0,5,0,0,0,0,255,138,114,255,0
2022/Seix_Col_de_Pause/SM7134_413E_Rouge/Data/,SMA07134_20220624_043302.wav,61,86,138,36,104,90,92,129,234,147,99,163,254,254,36,61,129,78,146,236,123,145,120,176,75,130,67,165,159,201,59,133,59,0,162,171,147,0,156,51,73,255,76,0,162,142,153,138,197,132,0,210,0,0,88,218,93,87,0,119,207,255,0,0,85,75,85,0,0,176,0,255,153,185,180,87,6,150,255,186,70,0,29,126,14,255,181,255,149,147,255,149,255,17,132,0,255,255,163,202,0,243,114,188,7,37,251,130,0,187,0,64,183,255,220,0,125,0,117,0,255,182,79,65,255,214,171,70
2022/Seix_Col_de_Pause/SM7134_413E_Rouge/Data/,SMA07134_20220624_050302.wav,66,143,115,73,188,0,155,249,221,143,154,238,253,148,114,55,67,135,121,151,176,90,255,129,83,82,255,117,57,193,131,140,206,94,175,109,192,89,255,255,235,160,217,13,31,210,10,113,107,65,57,135,44,98,255,155,122,160,86,64,123,207,0,255,107,133,93,182,23,129,29,0,142,108,90,255,44,77,186,158,255,0,8,129,37,146,0,56,133,226,184,237,189,187,86,115,158,0,54,185,138,227,220,54,132,255,228,91,0,165,0,131,139,29,71,49,73,0,79,0,6,0,0,255,208,50,198,0
2022/Seix_Col_de_Pause/SM7134_413E_Rouge/Data/,SMA07134_20220624_053302.wav,46,149,135,56,189,21,131,231,241,137,157,236,235,134,143,88,47,160,105,161,175,56,235,179,118,115,240,63,106,162,87,143,228,127,187,50,168,123,221,255,234,171,228,0,52,139,0,95,193,92,66,105,31,155,236,137,120,202,123,91,165,241,59,255,64,191,84,176,0,125,34,23,194,81,106,255,52,45,213,135,200,0,0,97,92,145,0,0,175,200,40,231,214,83,177,140,63,12,52,164,244,183,245,44,96,238,137,58,0,212,0,104,201,0,34,83,94,34,0,0,0,0,15,255,199,45,255,0
2022/Seix_Col_de_Pause/SM7134_413E_Rouge/Data/,SMA07134_20220624_060302.wav,30,143,107,37,123,12,140,172,255,153,175,255,255,212,211,48,152,154,68,162,218,111,255,172,133,55,168,172,58,89,0,121,255,52,207,23,219,6,235,163,186,205,157,92,48,122,74,160,75,33,155,115,0,190,210,71,85,108,58,78,149,132,158,129,148,197,67,91,9,106,30,7,255,119,84,255,0,86,255,161,118,24,0,152,0,190,0,43,99,136,82,255,62,0,229,23,74,205,170,147,150,181,129,0,37,233,188,107,0,161,0,255,0,221,0,0,152,65,183,0,0,37,103,151,130,163,255,130
2022/Seix_Col_de_Pause/SM7134_413E_Rouge/Data/,SMA07134_20220624_063302.wav,41,162,117,67,186,7,149,243,245,123,163,229,255,135,182,73,26,161,126,144,167,94,255,143,106,70,255,80,94,170,68,131,235,105,193,65,211,114,230,255,227,201,221,0,46,174,0,69,171,25,48,134,24,134,255,164,107,177,104,0,206,236,39,255,97,221,44,205,0,88,27,21,254,65,70,255,12,45,222,124,255,0,0,155,22,120,0,0,144,255,157,253,147,94,102,140,66,0,215,182,144,255,255,49,96,228,224,107,0,212,0,164,213,0,28,35,148,58,0,0,0,0,0,255,145,24,245,0
2022/Seix_Col_de_Pause/SM7134_413E_Rouge/Data/,SMA07134_20220624_070302.wav,19,161,78,28,76,5,185,162,249,169,181,236,240,224,136,26,171,188,96,234,255,54,255,151,162,117,114,165,201,135,0,90,211,11,253,0,148,8,255,230,96,211,174,140,48,74,65,141,131,234,192,139,0,106,212,156,80,235,0,43,101,146,88,53,28,250,120,150,0,139,87,104,218,163,217,159,0,235,255,93,242,20,0,171,54,96,113,47,128,58,175,214,131,39,255,84,255,193,212,132,79,91,59,0,255,173,233,90,0,227,22,238,0,255,0,121,255,0,163,0,102,0,86,255,242,164,255,225
2022/Seix_Col_de_Pause/SM7134_413E_Rouge/Data/,SMA07134_20220624_073302.wav,61,142,129,76,196,13,161,245,234,136,154,200,251,151,104,66,67,143,120,154,170,85,255,157,86,90,255,102,93,191,99,122,209,140,163,51,184,90,253,255,196,179,210,10,64,191,14,93,167,99,48,140,0,121,255,127,110,189,103,119,103,182,0,255,108,227,65,180,0,149,85,20,148,128,19,255,76,46,181,160,238,0,0,90,115,133,0,60,100,255,99,182,183,117,96,156,123,0,176,74,171,228,198,64,140,246,255,53,0,121,0,101,255,0,39,134,138,41,39,0,0,0,0,255,185,76,255,0
2022/Seix_Col_de_Pause/SM7134_413E_Rouge/Data/,SMA07134_20220624_080302.wav,25,147,93,45,113,1,155,171,219,156,206,255,255,185,196,8,78,129,81,173,241,101,255,149,142,97,198,123,125,169,0,128,250,53,223,0,219,0,193,231,178,233,200,102,0,136,75,154,102,116,188,10,0,186,213,97,111,165,68,112,185,119,109,106,87,255,107,145,8,77,104,69,250,143,191,240,0,28,255,150,121,67,0,195,46,84,0,50,153,94,186,255,0,19,191,24,179,149,238,174,125,215,152,0,245,255,203,42,0,121,0,213,14,176,0,0,242,28,140,0,33,0,156,255,255,89,255,96
2022/Seix_Col_de_Pause/SM7134_413E_Rouge/Data/,SMA07134_20220624_083302.wav,52,110,143,66,157,43,126,202,243,123,139,228,212,123,126,20,66,136,121,228,204,43,237,168,93,123,255,55,56,194,97,122,197,145,155,58,218,116,209,245,177,255,195,23,98,147,45,153,255,95,72,152,0,66,129,97,74,255,72,66,183,125,0,255,118,240,153,105,0,129,64,122,171,236,81,255,84,103,192,220,255,60,92,10,103,154,0,98,13,212,12,208,178,56,173,98,139,0,139,67,107,134,177,107,164,99,231,0,21,102,55,83,255,47,51,107,255,88,0,0,0,0,0,255,149,49,255,34
2022/Seix_Col_de_Pause/SM7134_413E_Rouge/Data/,SMA07134_20220624_090302.wav,47,103,162,6,123,91,122,163,247,180,136,161,208,154,106,62,168,157,88,255,199,20,172,134,161,157,143,178,208,138,0,86,196,55,211,0,188,58,255,116,95,144,50,165,133,46,85,208,133,212,195,190,0,155,168,85,29,202,0,137,70,106,11,82,128,172,126,85,28,59,122,142,232,255,11,141,19,211,255,132,91,56,93,135,180,180,121,84,190,180,20,255,255,2,206,113,86,131,0,49,150,59,73,60,232,190,225,121,222,151,207,255,30,93,52,164,241,152,49,0,74,34,134,214,123,135,94,189
2022/Seix_Col_de_Pause/SM7134_413E_Rouge/Data/,SMA07134_20220624_093302.wav,61,120,126,8,109,84,188,145,254,174,138,172,208,205,83,31,211,178,49,252,235,68,236,143,177,179,102,201,253,148,0,73,157,75,227,53,136,72,255,196,101,148,21,144,57,21,96,150,111,255,211,128,0,112,225,146,32,255,0,86,122,77,0,83,165,188,62,88,63,121,44,124,195,255,135,133,0,255,255,80,242,0,77,212,114,247,180,120,208,115,122,255,255,1,255,182,182,52,0,76,139,60,37,0,255,183,250,155,54,94,133,255,86,147,8,186,253,0,40,47,87,0,106,230,153,96,210,230
2022/Seix_Col_de_Pause/SM7134_413E_Rouge/Data/,SMA07134_20220624_100302.wav,62,92,172,80,161,65,137,146,234,120,101,134,199,119,105,16,77,119,148,248,170,85,145,172,102,147,173,63,31,188,100,132,171,95,132,50,201,168,153,120,218,255,166,17,143,137,166,196,255,94,38,66,0,117,190,109,45,255,132,127,207,169,0,136,85,167,169,90,73,186,15,212,211,221,75,176,166,130,118,214,194,0,110,6,241,145,69,128,105,154,51,224,148,54,109,0,114,96,0,80,153,106,159,83,58,70,186,91,130,60,229,141,251,163,81,88,255,115,38,0,0,37,54,246,109,0,211,107
2022/Seix_Col_de_Pause/SM7134_413E_Rouge/Data/,SMA07134_20220624_103302.wav,31,113,156,76,168,59,110,211,248,124,130,217,199,105,105,38,42,151,103,249,184,9,215,170,83,137,255,48,110,255,130,116,210,194,135,70,190,188,238,225,204,229,213,2,146,171,97,168,255,73,64,204,0,87,130,98,49,255,135,45,156,142,0,255,121,227,197,134,0,146,90,111,123,246,50,255,209,223,143,217,195,91,100,0,186,108,0,118,0,209,0,255,255,60,121,132,95,28,176,121,194,137,169,164,219,20,255,66,188,172,117,76,255,62,51,255,255,128,0,0,0,0,0,255,41,63,187,83
2022/Seix_Col_de_Pause/SM7134_413E_Rouge/Data/,SMA07134_20220624_110302.wav,0,150,130,20,140,34,177,176,231,154,150,248,255,190,68,34,153,115,99,240,243,14,172,97,194,99,201,123,163,131,0,68,205,113,181,0,177,82,241,207,160,255,177,57,99,73,25,189,188,95,92,54,0,189,135,74,23,207,35,116,140,206,73,0,37,187,122,177,0,222,148,67,235,249,175,160,32,95,197,215,91,181,74,195,155,138,99,34,44,252,79,236,199,161,126,35,255,221,134,122,56,194,113,28,155,122,255,47,172,183,0,209,0,192,128,70,169,144,84,0,0,32,195,255,90,51,255,170
2022/Seix_Col_de_Pause/SM7134_413E_Rouge/Data/,SMA07134_20220624_113302.wav,39,146,103,27,87,61,154,137,255,190,148,210,254,229,112,55,180,224,109,255,254,12,255,201,162,168,80,233,173,167,0,67,218,23,215,0,76,14,255,201,33,116,98,185,33,0,52,185,9,255,226,214,0,49,228,178,73,146,0,32,47,101,106,97,146,208,29,197,0,110,86,113,169,210,158,238,0,255,255,94,131,23,57,153,147,6,83,81,197,0,234,255,198,0,255,179,138,227,177,32,196,186,85,0,228,241,255,200,76,31,109,95,0,255,0,204,255,0,31,0,53,15,63,174,254,136,207,255
2022/Seix_Col_de_Pause/SM7134_413E_Rouge/Data/,SMA07134_20220624_120302.wav,15,165,95,28,133,22,165,182,227,151,190,255,255,206,203,67,159,120,80,171,255,148,255,165,147,65,195,140,48,154,0,93,179,84,255,0,173,15,216,228,137,203,207,78,4,72,74,148,108,131,200,95,0,126,172,184,106,118,18,37,93,105,137,73,1,209,60,143,0,185,61,25,255,50,186,255,0,89,255,164,165,51,12,173,32,243,0,17,104,63,123,255,56,34,255,22,161,247,241,100,96,184,153,0,89,171,169,57,40,201,0,251,88,209,0,23,255,125,175,0,0,0,36,250,183,64,255,90
2022/Seix_Col_de_Pause/SM7134_413E_Rouge/Data/,SMA07134_20220624_123302.wav,53,99,144,63,171,35,140,154,195,129,180,222,208,156,152,38,97,90,153,162,159,124,136,119,129,97,210,81,78,155,46,100,195,101,125,7,255,61,112,134,180,255,222,36,125,176,133,137,201,0,66,87,0,83,79,15,104,237,105,140,255,179,59,89,71,136,141,56,115,176,58,198,164,255,82,171,92,171,217,206,100,54,77,0,99,172,33,92,0,142,157,155,142,112,52,78,169,205,107,72,119,255,201,100,135,104,169,103,22,147,118,179,84,93,56,0,255,165,17,0,68,0,91,199,137,0,208,69
2022/Seix_Col_de_Pause/SM7134_413E_Rouge/Data/,SMA07134_20220624_130302.wav,24,149,62,47,30,0,127,135,255,203,157,255,255,252,101,10,82,206,73,156,255,11,253,125,134,135,81,233,145,84,0,65,255,30,59,82,113,0,255,196,182,188,117,238,1,22,71,166,38,179,147,81,0,0,255,168,59,36,24,34,87,102,118,137,60,185,41,15,0,114,0,158,255,248,76,255,0,255,255,145,212,102,0,0,215,0,54,71,144,55,255,205,47,0,242,194,59,15,255,163,223,255,200,59,255,255,148,255,9,75,0,67,0,178,0,222,255,59,255,0,0,65,130,134,255,36,214,178
2022/Seix_Col_de_Pause/SM7134_413E_Rouge/Data/,SMA07134_20220624_133302.wav,62,134,137,78,185,12,137,225,231,129,158,221,234,124,116,62,42,138,121,152,175,54,252,163,66,98,255,78,68,184,119,109,245,99,161,61,182,120,229,255,218,197,222,0,76,173,14,83,210,77,79,109,5,156,222,126,80,199,84,96,169,177,0,255,88,243,97,172,0,97,31,2,171,181,23,255,53,22,204,144,255,0,29,84,80,127,0,7,97,255,69,173,191,103,101,152,126,0,86,151,204,233,182,16,170,239,233,45,0,169,0,117,255,0,42,136,216,48,0,0,0,0,0,255,135,108,237,0
2022/Seix_Col_de_Pause/SM7134_413E_Rouge/Data/,SMA07134_20220624_140302.wav,4,161,135,37,171,26,199,191,229,134,182,239,255,176,120,56,63,150,110,204,255,39,226,140,162,116,199,83,94,177,0,96,216,126,196,0,154,101,255,255,201,211,244,2,75,110,0,201,154,79,143,71,0,248,192,95,0,184,124,50,132,172,28,162,139,253,118,228,55,121,113,77,215,110,168,255,38,57,255,171,160,57,0,215,18,152,0,28,0,202,99,212,121,62,171,51,255,255,137,129,128,236,134,16,138,213,255,63,65,89,10,204,50,176,4,35,159,1,75,0,0,0,127,150,123,123,242,82
2022/Seix_Col_de_Pause/SM7134_413E_Rouge/Data/,SMA07134_20220624_143302.wav,49,154,109,78,178,0,157,254,240,136,144,242,255,164,121,46,71,133,143,149,172,101,255,163,69,46,255,82,47,199,113,139,213,121,171,120,209,83,223,255,211,246,217,0,41,247,23,127,179,54,41,137,0,80,255,160,149,172,82,11,114,188,0,255,83,241,120,142,0,89,91,23,202,107,65,255,77,23,255,170,255,0,0,182,6,72,0,19,73,255,204,180,123,116,115,99,96,0,200,141,65,255,170,86,62,255,255,109,0,115,0,183,205,0,5,57,124,49,69,0,0,0,0,255,178,67,255,0
2022/Seix_Col_de_Pause/SM7134_413E_Rouge/Data/,SMA07134_20220624_150302.wav,64,121,141,94,174,29,127,245,242,145,135,217,212,119,120,17,64,149,125,215,171,27,255,149,46,111,255,50,59,229,95,98,213,137,101,50,180,144,238,255,215,219,231,8,153,202,11,134,255,157,88,172,0,74,223,105,103,242,119,81,84,142,0,255,100,255,169,160,0,121,103,22,114,205,3,255,130,91,216,223,255,44,40,63,111,65,0,43,2,255,22,205,158,114,79,92,81,0,158,36,141,120,183,40,138,159,255,0,0,180,101,138,255,0,61,166,255,104,0,0,0,0,0,255,106,103,255,0
2022/Seix_Col_de_Pause/SM7134_413E_Rouge/Data/,SMA07134_20220624_153302.wav,53,132,138,70,183,37,148,233,244,144,150,224,238,122,110,57,33,151,118,211,173,25,244,173,48,101,255,63,83,208,115,127,229,144,112,67,210,126,225,255,182,239,217,28,85,194,61,129,244,103,63,173,0,118,224,94,86,255,103,50,161,162,0,255,89,245,143,193,0,105,71,39,123,157,0,255,78,56,161,181,255,0,0,54,133,156,0,61,0,255,37,185,193,95,89,169,164,0,184,91,175,151,211,68,224,217,246,0,0,100,0,128,255,0,22,208,255,130,0,0,0,0,0,255,139,74,255,0
2022/Seix_Col_de_Pause/SM7134_413E_Rouge/Data/,SMA07134_20220624_160302.wav,27,154,56,96,68,10,193,122,192,164,128,174,255,209,178,0,92,62,50,220,146,123,255,215,134,103,214,144,21,87,0,157,255,134,242,53,98,0,224,157,162,182,255,138,63,158,0,221,48,135,183,85,80,0,216,223,235,0,0,0,133,207,108,157,0,40,215,255,69,56,107,213,255,0,143,48,0,67,255,65,226,246,9,255,255,28,6,0,53,0,255,196,0,0,255,109,102,255,255,255,0,209,97,35,255,45,161,215,0,175,0,255,35,93,0,0,191,16,206,0,0,80,186,192,255,205,65,250
2022/Seix_Col_de_Pause/SM7134_413E_Rouge/Data/,SMA07134_20220624_163302.wav,47,134,135,84,177,30,128,246,251,133,145,246,223,116,116,47,31,158,140,211,204,0,255,173,68,113,255,37,76,218,133,112,236,155,140,35,208,166,247,255,183,220,240,36,106,147,28,132,255,110,77,167,0,126,162,84,113,255,112,59,152,160,0,255,99,225,168,187,0,107,99,42,92,169,62,255,99,98,172,185,255,48,84,34,130,101,0,45,0,228,55,190,191,79,102,109,172,0,199,163,191,190,147,117,229,173,255,8,0,191,33,124,255,0,19,114,255,107,0,0,0,0,0,255,102,94,241,0
2022/Seix_Col_de_Pause/SM7134_413E_Rouge/Data/,SMA07134_20220624_170302.wav,33,127,133,54,177,57,127,227,248,125,159,255,222,145,152,66,25,164,74,193,168,38,251,189,94,82,255,53,111,163,71,93,249,184,169,1,235,92,200,255,121,185,235,78,120,136,18,116,255,39,70,167,0,169,145,23,19,255,145,94,200,164,44,255,80,154,102,109,0,89,108,20,97,191,53,255,144,130,107,158,191,59,69,68,121,199,24,83,59,204,0,143,199,109,67,165,131,46,246,80,131,147,220,155,255,255,255,52,0,179,32,93,255,0,79,168,225,120,0,0,0,0,95,255,189,100,200,0
2022/Seix_Col_de_Pause/SM7134_413E_Rouge/Data/,SMA07134_20220624_173302.wav,50,131,124,65,181,31,152,234,238,137,178,218,230,145,178,62,60,144,102,190,159,87,255,185,105,81,255,69,89,174,52,108,234,157,178,6,242,57,163,243,147,206,244,63,45,163,47,117,239,71,57,148,0,63,176,67,68,232,111,67,140,173,18,255,89,205,94,91,0,141,119,38,190,121,40,255,106,100,171,165,218,0,6,78,113,178,10,29,99,212,58,173,149,109,153,158,84,56,205,29,137,191,234,102,208,255,195,16,0,202,0,142,255,0,58,79,201,12,0,0,16,0,52,255,217,61,255,0
2022/Seix_Col_de_Pause/SM7134_413E_Rouge/Data/,SMA07134_20220624_180302.wav,13,158,113,45,158,13,178,203,246,122,192,255,255,184,154,69,102,106,126,160,210,91,240,149,201,23,201,43,40,112,0,132,233,132,199,0,255,10,178,218,168,251,255,26,44,156,0,137,209,63,104,44,0,134,173,38,54,222,93,139,200,246,151,156,77,142,183,130,38,102,134,42,127,73,170,236,64,21,255,204,188,89,0,145,53,229,0,0,18,149,178,133,59,65,226,58,151,169,148,32,67,217,166,47,81,199,169,6,0,148,0,219,69,93,57,0,110,0,82,0,0,0,71,238,255,54,255,0
2022/Seix_Col_de_Pause/SM7134_413E_Rouge/Data/,SMA07134_20220624_183302.wav,58,155,126,88,195,0,162,255,228,123,142,230,255,125,79,56,75,138,141,155,173,87,255,150,69,69,255,109,60,192,159,147,222,139,178,74,161,154,255,255,236,206,255,0,107,227,0,75,143,37,14,185,52,124,255,201,116,201,80,42,126,214,0,255,113,210,63,241,0,132,49,0,147,110,88,255,80,77,209,145,255,0,0,133,51,105,0,0,120,255,169,218,211,144,21,117,72,0,162,191,148,255,141,38,39,215,255,29,0,155,0,123,205,0,0,144,111,105,87,38,0,0,0,255,146,134,147,0
2022/Seix_Col_de_Pause/SM7134_413E_Rouge/Data/,SMA07134_20220624_190302.wav,52,152,124,69,182,17,155,249,233,148,160,210,255,158,143,53,88,153,110,166,172,105,255,145,120,80,255,78,89,167,49,117,198,136,213,45,189,67,243,240,216,189,204,0,70,199,0,81,185,34,37,133,0,101,255,138,111,174,85,103,76,195,2,255,58,234,59,126,0,159,92,9,200,107,59,255,79,109,253,137,235,0,0,133,23,185,0,0,131,255,123,230,136,135,189,132,40,0,187,76,171,251,186,14,99,255,173,21,0,165,0,214,152,0,16,37,106,91,71,0,0,0,0,255,250,66,255,0
2022/Seix_Col_de_Pause/SM7134_413E_Rouge/Data/,SMA07134_20220624_193302.wav,42,142,94,32,94,32,177,164,229,151,203,207,238,219,188,33,144,145,84,189,235,104,255,169,81,106,161,168,99,206,0,119,165,47,167,0,159,25,255,248,17,199,139,122,43,60,9,152,84,224,255,135,0,67,148,196,42,79,0,62,26,107,145,175,31,203,104,171,0,18,78,129,236,78,121,198,0,173,255,164,113,44,13,212,77,0,22,0,51,0,38,255,0,0,255,35,67,255,255,122,91,151,66,38,54,255,246,83,1,224,0,198,36,188,0,0,255,45,199,0,174,87,94,255,255,64,255,255
2022/Seix_Col_de_Pause/SM7134_413E_Rouge/Data/,SMA07134_20220624_200302.wav,54,110,148,82,169,25,129,185,218,138,166,255,209,107,186,44,41,135,123,168,190,54,190,129,97,128,200,57,92,149,51,108,255,105,191,56,251,129,150,232,178,208,247,54,98,181,0,140,208,35,88,102,0,121,161,16,51,198,118,100,165,176,99,255,101,190,139,81,3,117,107,78,168,163,73,255,83,112,255,180,208,70,42,168,80,92,0,36,61,179,73,145,73,173,227,89,113,98,102,145,190,198,123,94,34,237,153,64,0,189,57,82,102,108,31,0,135,0,89,0,0,0,1,255,118,7,255,90
2022/Seix_Col_de_Pause/SM7134_413E_Rouge/Data/,SMA07134_20220624_203302.wav,59,135,131,74,192,16,140,225,224,120,167,227,237,139,137,67,47,153,117,143,170,108,255,171,69,107,255,101,74,205,105,139,228,120,171,73,178,123,236,255,203,171,243,0,104,159,0,66,192,61,53,124,0,167,254,115,78,176,120,93,185,211,0,255,112,229,77,185,0,145,65,50,209,138,42,255,40,77,154,161,240,0,29,109,36,104,0,53,151,255,50,226,247,111,51,146,84,0,141,147,161,255,230,21,128,155,255,71,0,141,0,121,255,0,93,165,178,56,0,0,0,0,0,255,95,98,211,0
2022/Seix_Col_de_Pause/SM7134_413E_Rouge/Data/,SMA07134_20220624_210302.wav,63,155,123,81,179,0,143,255,237,132,144,235,255,122,134,67,50,155,134,170,172,75,255,128,71,88,255,70,80,193,124,154,199,117,190,112,185,94,254,255,251,201,217,0,56,230,0,69,163,18,22,172,27,73,255,143,147,194,96,55,117,226,0,255,97,208,88,166,0,122,51,12,152,136,82,255,100,108,255,120,255,0,0,119,54,104,0,18,129,255,180,217,176,176,163,129,100,0,110,142,149,234,215,34,108,255,192,6,0,180,0,130,190,0,0,50,74,23,71,0,0,0,0,255,223,45,216,0
2022/Seix_Col_de_Pause/SM7134_413E_Rouge/Data/,SMA07134_20220624_213302.wav,63,127,136,61,187,32,143,211,226,133,176,210,223,135,156,52,72,151,93,167,178,103,255,161,120,99,244,66,95,161,59,141,221,133,202,40,188,73,200,255,180,172,217,38,85,140,0,61,176,55,57,122,0,153,177,105,59,204,95,145,181,204,1,255,126,219,69,145,0,157,76,25,228,167,31,255,50,67,159,121,228,0,78,88,25,196,0,44,133,255,47,205,163,112,138,144,72,5,114,99,158,223,199,61,155,217,244,48,0,155,0,172,250,0,87,84,201,67,14,0,0,0,0,255,140,57,255,0
2022/Seix_Col_de_Pause/SM7134_413E_Rouge/Data/,SMA07134_20220624_220302.wav,49,155,137,93,211,5,162,255,231,127,168,222,251,142,66,68,83,153,99,148,152,83,255,167,51,87,255,77,60,203,149,153,238,157,144,55,165,91,225,255,200,189,255,0,103,207,0,119,120,82,12,145,15,161,255,166,109,186,153,67,139,205,0,255,131,197,73,201,0,132,95,0,177,99,40,255,95,16,138,185,232,0,0,65,138,80,0,32,153,255,124,181,252,87,78,85,82,0,117,140,103,216,173,36,115,232,255,0,0,102,0,95,255,0,71,231,120,93,121,0,0,0,0,255,153,76,255,0
2022/Seix_Col_de_Pause/SM7134_413E_Rouge/Data/,SMA07134_20220624_223302.wav,57,146,122,62,184,14,157,249,218,145,160,248,255,130,111,76,92,143,132,128,127,76,255,145,78,86,255,74,77,203,85,191,197,97,149,104,202,81,246,255,239,224,255,0,42,232,0,102,142,65,61,171,20,147,255,158,117,157,110,74,183,145,0,255,124,183,112,161,0,81,52,35,186,154,67,255,128,9,242,132,255,0,0,118,73,131,0,5,76,251,204,205,227,87,96,63,93,11,64,146,119,106,177,110,73,255,237,50,0,92,0,129,255,0,0,51,66,69,49,0,0,0,0,255,234,74,247,0
2022/Seix_Col_de_Pause/SM7134_413E_Rouge/Data/,SMA07134_20220624_230302.wav,49,162,141,78,200,21,137,255,238,124,173,241,240,127,115,80,73,171,82,162,146,63,255,181,61,103,255,80,89,190,136,146,230,127,152,27,193,122,252,237,220,154,250,0,91,161,0,109,131,53,13,151,2,195,255,168,68,194,152,72,129,243,0,255,89,183,52,191,0,164,75,0,180,148,59,255,123,67,162,181,240,0,0,50,173,152,0,51,235,255,35,233,255,64,141,119,41,0,98,117,238,228,232,14,155,254,200,0,0,194,0,112,255,0,18,255,129,81,0,0,0,0,0,255,229,37,232,0
2022/Seix_Col_de_Pause/SM7134_413E_Rouge/Data/,SMA07134_20220624_233302.wav,56,143,136,37,196,30,141,223,242,140,161,237,230,152,146,85,118,128,66,144,171,122,255,173,107,71,246,114,58,154,93,146,240,115,224,48,187,83,216,255,196,144,241,42,40,162,10,119,122,33,67,133,0,216,244,140,70,119,134,117,188,205,61,255,92,167,80,144,0,153,68,3,255,81,138,255,71,36,165,137,160,0,5,125,82,199,0,58,147,232,71,216,248,68,152,85,0,8,63,98,206,244,211,31,84,209,155,19,0,161,0,98,143,13,88,143,43,43,20,0,0,0,39,255,167,116,215,35
2022/Seix_Col_de_Pause/SM7134_413E_Rouge/Data/,SMA07134_20220625_000302.wav,50,155,131,50,193,13,145,244,238,127,153,243,255,123,112,83,55,147,104,154,177,72,255,171,85,74,255,88,64,163,126,164,246,134,173,62,191,100,243,255,218,159,247,0,69,179,0,56,170,67,41,118,29,195,255,134,50,182,133,106,173,244,29,255,111,155,96,194,0,138,42,0,169,97,102,255,80,4,162,108,251,0,0,109,108,169,0,20,185,255,110,189,221,127,86,128,96,0,113,159,220,211,212,24,93,249,206,2,0,184,0,91,247,0,70,120,85,12,27,0,0,0,0,255,183,102,211,0
2022/Seix_Col_de_Pause/SM7134_413E_Rouge/Data/,SMA07134_20220625_003302.wav,41,149,125,50,180,15,146,220,255,138,156,237,255,174,180,74,84,116,89,144,173,132,255,168,112,64,247,84,58,156,42,113,219,115,221,50,202,73,186,255,179,213,237,7,11,172,9,125,151,50,69,105,0,128,243,147,90,125,99,64,158,203,55,255,61,249,76,115,0,132,89,23,255,61,69,255,38,1,212,182,192,0,0,132,36,145,0,0,126,243,148,208,117,87,216,73,51,33,134,114,135,227,184,37,96,250,177,94,0,133,0,121,216,0,54,29,87,61,64,0,8,0,0,255,133,99,255,0
2022/Seix_Col_de_Pause/SM7134_413E_Rouge/Data/,SMA07134_20220625_010302.wav,61,139,102,48,169,4,135,224,236,146,145,230,244,172,186,50,104,132,94,157,183,133,255,129,131,45,255,100,72,141,29,158,228,100,252,75,225,29,175,255,203,188,198,22,2,225,20,98,172,9,58,150,0,78,244,100,137,152,77,65,160,165,66,255,55,147,106,53,0,101,66,20,212,75,115,255,15,57,251,95,255,0,0,125,17,195,0,13,121,199,209,251,112,134,168,123,54,15,172,128,47,214,184,82,115,255,124,58,0,202,0,158,115,66,45,0,37,0,110,0,53,0,0,255,205,49,255,7
2022/Seix_Col_de_Pause/SM7134_413E_Rouge/Data/,SMA07134_20220625_013302.wav,37,160,117,52,172,4,148,255,241,133,157,248,255,146,144,39,58,142,101,151,196,81,255,153,98,73,255,97,49,183,88,142,240,106,200,53,215,66,233,255,218,183,231,0,88,226,29,113,163,0,28,165,0,173,255,132,24,153,126,54,143,238,2,255,101,182,90,163,0,111,73,0,215,51,126,255,60,48,208,106,251,0,0,155,40,161,0,19,121,255,160,214,190,97,87,72,39,0,157,121,97,241,241,58,91,255,208,30,0,170,0,167,204,0,118,64,108,41,80,0,0,0,0,255,155,115,255,0
2022/Seix_Col_de_Pause/SM7134_413E_Rouge/Data/,SMA07134_20220625_020302.wav,64,143,131,76,187,11,148,219,228,137,157,208,225,130,145,62,70,138,126,169,169,92,255,151,96,86,232,60,72,163,90,155,210,114,193,64,174,133,225,234,231,201,220,0,51,169,0,99,193,69,60,118,3,81,253,142,107,171,68,94,158,208,0,255,98,225,84,175,0,170,59,35,189,111,71,255,74,55,195,146,250,0,0,119,56,139,0,7,178,217,110,255,159,112,173,87,67,0,57,142,186,220,183,43,113,248,189,60,0,133,0,109,224,0,42,19,111,63,14,64,0,0,0,255,210,61,189,0
2022/Seix_Col_de_Pause/SM7134_413E_Rouge/Data/,SMA07134_20220625_023302.wav,62,144,103,69,170,2,148,237,238,129,155,227,255,149,187,25,109,129,116,139,193,149,255,101,140,20,250,97,71,153,29,108,195,110,236,101,237,46,195,255,208,190,190,0,32,236,0,29,161,0,42,116,0,84,255,135,152,142,62,41,154,229,71,255,86,192,59,109,0,121,4,25,218,128,81,255,28,81,255,95,255,0,0,175,0,197,0,0,107,255,224,239,71,112,144,106,46,0,229,170,14,255,175,56,0,242,170,103,0,239,0,174,96,0,27,0,77,1,80,0,44,0,0,255,120,54,227,0
2022/Seix_Col_de_Pause/SM7134_413E_Rouge/Data/,SMA07134_20220625_030302.wav,48,163,117,72,164,11,156,255,250,136,161,233,255,152,127,33,76,163,150,159,159,63,255,149,112,72,255,94,73,189,75,122,188,103,171,43,227,114,243,255,195,209,246,0,92,234,0,68,203,0,41,181,0,115,255,148,120,172,93,76,95,182,0,255,101,228,87,166,0,90,72,0,197,162,54,255,115,93,222,133,241,0,0,179,104,183,0,0,100,255,210,255,198,47,134,100,12,0,159,73,123,154,231,84,16,255,181,47,0,119,0,196,226,0,62,3,148,59,28,0,0,0,0,255,170,130,255,0
2022/Seix_Col_de_Pause/SM7134_413E_Rouge/Data/,SMA07134_20220625_033302.wav,47,161,129,67,185,17,134,248,239,120,177,234,240,123,133,70,34,171,113,155,169,63,255,171,102,97,255,73,82,176,93,127,236,110,173,64,196,122,231,255,224,166,246,0,90,185,0,58,207,42,44,102,0,204,242,167,55,171,114,89,152,238,0,255,91,224,81,173,0,124,17,13,223,133,57,255,87,10,173,143,250,0,0,106,85,169,0,21,183,255,90,207,233,84,147,166,66,0,92,130,215,255,255,36,147,193,219,26,0,198,0,128,255,0,56,184,190,22,0,0,0,0,0,255,143,50,255,0
2022/Seix_Col_de_Pause/SM7134_413E_Rouge/Data/,SMA07134_20220625_040302.wav,62,155,111,102,177,0,160,255,230,125,142,211,255,139,109,11,37,145,177,159,176,89,255,117,84,52,255,87,45,189,171,137,171,106,144,131,188,124,249,255,255,194,207,0,102,246,0,75,160,36,6,149,54,32,255,166,147,192,28,54,82,217,0,255,140,218,79,207,0,120,33,20,150,143,42,255,60,81,199,164,255,0,0,188,0,137,0,12,145,255,230,255,126,148,66,94,105,0,145,132,143,180,247,72,62,255,233,71,0,113,0,236,187,0,110,0,90,43,62,0,0,0,0,255,209,119,186,0
2022/Seix_Col_de_Pause/SM7134_413E_Rouge/Data/,SMA07134_20220625_043302.wav,32,181,117,80,181,3,159,255,245,105,177,250,255,149,92,55,30,162,150,173,172,44,255,153,99,85,255,79,68,193,118,110,206,111,150,67,206,152,255,255,237,223,255,0,65,199,0,75,192,22,13,143,20,169,255,195,90,219,67,8,128,246,0,255,101,255,59,223,0,92,0,0,217,121,42,255,86,41,218,133,255,0,0,146,67,141,0,0,89,255,127,255,223,91,103,153,63,19,103,139,133,222,252,33,104,255,255,35,0,153,0,127,255,0,59,204,199,71,0,0,0,0,0,255,135,117,255,0
2022/Seix_Col_de_Pause/SM7134_413E_Rouge/Data/,SMA07134_20220625_050302.wav,43,170,107,84,188,0,151,250,249,110,150,241,255,147,109,69,20,148,182,156,182,76,255,171,63,58,255,67,55,183,105,136,212,128,129,84,209,147,253,255,204,234,227,0,53,186,0,50,241,47,30,131,0,104,255,172,143,215,114,35,133,209,0,255,65,255,91,248,0,50,52,30,179,128,38,255,24,1,198,137,255,0,0,105,76,110,0,0,62,255,201,193,189,108,109,128,79,0,219,204,102,255,255,51,119,255,255,71,0,142,0,171,255,0,30,116,192,82,18,0,0,0,0,255,139,83,255,0
2022/Seix_Col_de_Pause/SM7134_413E_Rouge/Data/,SMA07134_20220625_053302.wav,23,170,109,49,162,11,156,250,255,122,164,255,255,145,146,35,42,147,129,154,214,71,255,170,102,62,255,85,39,181,52,133,227,102,162,34,217,75,235,255,197,203,249,0,42,190,15,79,223,0,53,139,0,115,255,122,61,197,99,42,182,243,31,255,79,224,91,198,0,92,37,4,228,74,98,255,13,0,190,116,255,0,0,183,41,178,0,0,69,255,145,231,159,49,84,58,74,16,168,139,44,185,255,98,80,255,198,89,0,136,0,169,222,0,139,0,172,34,23,0,0,0,0,255,81,112,255,0
2022/Seix_Col_de_Pause/SM7134_413E_Rouge/Data/,SMA07134_20220625_060302.wav,46,122,138,21,197,73,159,164,218,142,139,255,255,123,137,137,120,125,126,166,176,98,78,189,137,38,187,100,63,95,58,89,159,135,129,100,255,51,191,228,171,255,189,148,21,101,56,162,173,44,129,70,43,152,126,73,160,153,161,84,255,185,171,132,182,164,160,140,0,189,129,94,197,146,96,233,51,57,244,173,82,72,105,75,44,163,34,100,0,143,29,92,197,165,79,45,77,154,195,204,202,104,250,90,60,165,126,42,25,126,126,0,220,113,19,87,148,117,125,7,111,0,169,135,193,99,121,76
2022/Seix_Col_de_Pause/SM7134_413E_Rouge/Data/,SMA07134_20220625_063302.wav,0,215,86,15,57,16,168,189,255,131,215,255,255,233,243,38,166,181,60,230,255,95,255,184,182,109,183,180,91,175,0,55,255,27,255,0,202,40,255,255,91,182,139,40,129,9,0,165,142,148,225,174,0,130,210,176,0,221,0,20,48,132,128,93,0,255,58,133,0,136,14,16,252,52,255,255,0,173,255,59,215,0,0,255,0,255,0,0,143,16,82,255,86,0,255,94,227,255,122,21,53,92,96,0,116,147,255,83,2,255,0,253,52,255,0,0,255,0,196,0,68,0,96,255,220,7,255,162
2022/Seix_Col_de_Pause/SM7134_413E_Rouge/Data/,SMA07134_20220625_070302.wav,55,132,138,63,173,21,132,211,236,124,166,222,224,131,176,57,36,148,84,169,180,78,255,147,81,105,255,68,84,163,56,120,240,101,204,59,219,94,204,255,172,186,213,20,80,162,0,86,196,40,106,112,0,174,193,116,30,211,74,75,188,181,0,255,92,255,109,135,0,109,31,9,255,183,30,255,37,61,221,131,255,0,43,95,14,163,0,8,99,255,22,223,136,65,173,159,104,0,99,129,129,206,190,19,170,197,225,62,0,175,0,151,255,0,24,131,247,61,0,0,0,0,0,255,96,40,255,0
2022/Seix_Col_de_Pause/SM7134_413E_Rouge/Data/,SMA07134_20220625_073302.wav,0,255,40,1,64,15,206,254,246,110,255,255,255,240,249,4,178,157,0,202,255,184,255,180,199,83,202,94,29,135,0,89,255,52,255,0,196,84,250,255,255,200,254,0,0,0,0,84,141,90,209,83,0,234,255,207,0,152,31,8,104,255,199,150,0,244,129,233,7,158,0,20,219,0,255,255,26,115,255,140,120,22,0,192,0,188,0,0,60,71,176,255,0,100,255,0,217,255,255,189,33,255,151,0,153,255,255,59,0,199,0,176,0,255,0,0,255,0,134,6,127,106,144,255,255,42,255,255
2022/Seix_Col_de_Pause/SM7134_413E_Rouge/Data/,SMA07134_20220625_080302.wav,0,255,41,2,70,36,217,240,211,105,255,255,255,216,255,50,175,133,30,199,255,195,255,168,172,72,199,91,58,139,0,105,209,20,255,0,176,38,255,255,245,196,255,0,0,23,26,121,61,139,249,92,0,201,234,246,40,109,0,0,94,255,163,148,0,255,128,240,0,216,46,63,255,0,255,255,7,56,255,128,163,0,0,203,0,63,0,0,51,54,255,255,0,116,255,0,128,255,255,255,63,255,164,0,163,255,255,175,0,255,0,242,0,255,0,0,102,6,7,31,0,121,154,255,255,0,255,250
2022/Seix_Col_de_Pause/SM7134_413E_Rouge/Data/,SMA07134_20220625_083302.wav,76,131,63,80,61,0,128,144,208,130,116,247,199,197,127,96,91,206,200,137,178,122,163,181,112,107,116,216,91,226,104,214,82,115,246,163,249,0,137,195,145,190,171,170,0,141,231,70,231,205,44,167,0,44,153,172,193,124,96,42,255,239,96,255,0,78,159,35,0,246,0,182,188,85,164,212,21,37,0,255,255,171,42,0,45,255,203,120,0,85,196,111,167,44,5,61,217,0,189,116,0,250,255,211,0,84,128,184,68,200,0,0,98,209,186,73,233,27,165,0,206,90,54,78,102,101,40,82
2022/Seix_Col_de_Pause/SM7134_413E_Rouge/Data/,SMA07134_20220625_090302.wav,37,139,126,47,174,11,151,157,233,172,121,255,255,169,90,90,89,150,68,189,189,63,170,190,118,51,108,52,46,173,52,217,172,112,134,141,196,15,130,209,36,255,107,113,50,118,47,171,255,100,95,63,57,135,128,93,117,228,138,148,255,168,158,208,26,49,217,142,0,162,215,2,117,131,211,212,97,46,221,223,67,95,0,47,145,78,110,101,91,79,141,180,161,52,129,49,170,165,207,96,79,118,250,58,121,140,107,33,57,127,0,78,123,129,35,0,84,11,172,26,108,11,134,61,201,112,112,72
2022/Seix_Col_de_Pause/SM7134_413E_Rouge/Data/,SMA07134_20220625_093302.wav,25,145,99,13,161,39,153,194,238,122,161,255,255,181,162,80,113,120,81,168,205,93,227,175,168,9,218,104,28,106,2,139,219,115,188,88,255,0,162,237,144,250,233,80,0,182,78,143,200,19,81,68,0,148,136,65,112,170,98,91,255,199,159,169,118,124,155,91,0,151,115,43,214,113,148,219,41,0,202,167,151,63,15,115,57,191,23,95,31,136,99,129,181,35,156,68,47,122,177,73,67,142,255,62,143,209,126,25,0,141,0,145,169,96,39,0,163,0,63,0,0,0,32,248,158,137,252,0
2022/Seix_Col_de_Pause/SM7134_413E_Rouge/Data/,SMA07134_20220625_100302.wav,39,129,119,28,176,40,147,192,212,154,148,255,255,139,67,84,153,109,152,99,151,92,171,160,65,22,210,64,0,175,61,125,229,75,8,70,196,14,172,255,148,255,255,16,0,158,123,222,208,71,171,82,22,194,230,29,209,110,104,90,247,218,185,154,90,129,255,185,0,135,189,103,148,93,140,193,86,0,193,231,65,103,45,43,181,108,0,78,0,149,155,33,165,0,21,37,117,106,228,168,30,29,210,108,147,60,198,79,15,40,125,142,246,11,196,0,53,76,129,0,0,0,75,254,59,88,239,33
